# Audiofrog official car-audio target curve (Andy Wehmeyer, 2024 revision)
# Source: audiofrog.com target curve download (OSM hi-res version), fetched 2026-08-30
# 8191 points, 2.93-23997 Hz linear grid, dB values not normalized
2.92969,9.02057
5.85938,9.02022
8.78906,9.01879
11.7188,9.01495
14.6484,9.00692
17.5781,8.99241
20.5078,8.96869
23.4375,8.93265
26.3672,8.88096
29.2969,8.8102
32.2266,8.71706
35.1563,8.59864
38.0859,8.45266
41.0156,8.27771
43.9453,8.07346
46.875,7.84072
49.8047,7.58146
52.7344,7.29863
55.6641,6.99601
58.5938,6.6779
61.5234,6.34887
64.4531,6.0135
67.3828,5.67613
70.3125,5.34073
73.2422,5.01079
76.1719,4.68925
79.1016,4.3785
82.0313,4.08039
84.9609,3.79625
87.8906,3.527
90.8203,3.27315
93.75,3.03487
96.6797,2.81206
99.6094,2.60441
102.539,2.41144
105.469,2.23255
108.398,2.06703
111.328,1.91414
114.258,1.7731
117.188,1.64312
120.117,1.52342
123.047,1.41323
125.977,1.31182
128.906,1.2185
131.836,1.13261
134.766,1.05352
137.695,0.980677
140.625,0.913538
143.555,0.851612
146.484,0.794451
149.414,0.741647
152.344,0.692822
155.273,0.647625
158.203,0.605751
161.133,0.566912
164.063,0.530856
166.992,0.497343
169.922,0.466167
172.852,0.437131
175.781,0.410067
178.711,0.384817
181.641,0.361234
184.57,0.339189
187.5,0.318572
190.43,0.299273
193.359,0.281191
196.289,0.264242
199.219,0.248344
202.148,0.233429
205.078,0.219423
208.008,0.206262
210.938,0.193902
213.867,0.182279
216.797,0.171345
219.727,0.161061
222.656,0.15138
225.586,0.142266
228.516,0.133678
231.445,0.125583
234.375,0.117946
237.305,0.110744
240.234,0.103941
243.164,0.0975077
246.094,0.0914268
249.023,0.0856677
251.953,0.0802054
254.883,0.0750209
257.813,0.0700859
260.742,0.0653897
263.672,0.0609048
266.602,0.0566182
269.531,0.0525116
272.461,0.0485648
275.391,0.0447697
278.32,0.0411037
281.25,0.0375569
284.18,0.0341138
287.109,0.0307643
290.039,0.027497
292.969,0.024304
295.898,0.0211717
298.828,0.0180899
301.758,0.0150588
304.688,0.0120576
307.617,0.0090895
310.547,0.00614523
313.477,0.00321651
316.406,0.000299237
319.336,-0.00260659
322.266,-0.00551028
325.195,-0.00841028
328.125,-0.0113185
331.055,-0.0142267
333.984,-0.0171441
336.914,-0.0200713
339.844,-0.0230099
342.773,-0.0259599
345.703,-0.0289229
348.633,-0.0318998
351.563,-0.0348908
354.492,-0.0378957
357.422,-0.0409137
360.352,-0.0439458
363.281,-0.046995
366.211,-0.0500568
369.141,-0.0531279
372.07,-0.0562132
375,-0.059309
377.93,-0.0624158
380.859,-0.065531
383.789,-0.0686546
386.719,-0.0717882
389.648,-0.0749282
392.578,-0.0780719
395.508,-0.0812204
398.438,-0.0843769
401.367,-0.0875308
404.297,-0.0906891
407.227,-0.093849
410.156,-0.0970095
413.086,-0.100165
416.016,-0.103327
418.945,-0.106476
421.875,-0.109628
424.805,-0.112774
427.734,-0.115914
430.664,-0.119053
433.594,-0.122185
436.523,-0.125306
439.453,-0.128424
442.383,-0.131533
445.313,-0.134634
448.242,-0.137726
451.172,-0.14081
454.102,-0.143886
457.031,-0.14695
459.961,-0.150005
462.891,-0.15305
465.82,-0.156087
468.75,-0.159115
471.68,-0.162125
474.609,-0.165132
477.539,-0.168127
480.469,-0.171108
483.398,-0.174081
486.328,-0.177043
489.258,-0.179995
492.188,-0.182935
495.117,-0.185865
498.047,-0.188784
500.977,-0.191694
503.906,-0.194592
506.836,-0.197478
509.766,-0.200358
512.695,-0.203227
515.625,-0.20609
518.555,-0.208939
521.484,-0.21178
524.414,-0.21461
527.344,-0.217437
530.273,-0.220254
533.203,-0.223057
536.133,-0.225855
539.063,-0.228646
541.992,-0.23143
544.922,-0.234207
547.852,-0.236973
550.781,-0.239732
553.711,-0.242488
556.641,-0.245239
559.57,-0.247985
562.5,-0.250717
565.43,-0.253447
568.359,-0.256175
571.289,-0.258894
574.219,-0.261612
577.148,-0.264323
580.078,-0.267029
583.008,-0.269735
585.938,-0.272433
588.867,-0.275127
591.797,-0.27782
594.727,-0.280509
597.656,-0.283198
600.586,-0.285879
603.516,-0.288558
606.445,-0.291237
609.375,-0.293915
612.305,-0.296593
615.234,-0.299263
618.164,-0.301938
621.094,-0.30461
624.023,-0.307278
626.953,-0.309946
629.883,-0.312617
632.813,-0.315285
635.742,-0.317955
638.672,-0.320622
641.602,-0.323292
644.531,-0.32596
647.461,-0.328631
650.391,-0.331305
653.32,-0.333975
656.25,-0.336648
659.18,-0.339321
662.109,-0.341997
665.039,-0.344673
667.969,-0.347353
670.898,-0.350036
673.828,-0.352715
676.758,-0.3554
679.688,-0.358088
682.617,-0.360776
685.547,-0.363472
688.477,-0.366163
691.406,-0.368861
694.336,-0.371557
697.266,-0.37426
700.195,-0.376967
703.125,-0.379675
706.055,-0.382388
708.984,-0.385103
711.914,-0.387823
714.844,-0.390545
717.773,-0.393268
720.703,-0.395997
723.633,-0.398731
726.563,-0.40147
729.492,-0.404212
732.422,-0.406959
735.352,-0.409707
738.281,-0.412459
741.211,-0.415215
744.141,-0.41798
747.07,-0.420743
750,-0.423516
752.93,-0.426288
755.859,-0.429066
758.789,-0.431849
761.719,-0.434639
764.648,-0.437432
767.578,-0.44023
770.508,-0.443032
773.438,-0.44584
776.367,-0.448652
779.297,-0.451467
782.227,-0.454291
785.156,-0.457118
788.086,-0.459948
791.016,-0.462784
793.945,-0.465627
796.875,-0.468471
799.805,-0.471325
802.734,-0.474183
805.664,-0.477039
808.594,-0.479907
811.523,-0.48278
814.453,-0.485655
817.383,-0.488536
820.313,-0.491421
823.242,-0.494318
826.172,-0.497213
829.102,-0.500116
832.031,-0.503024
834.961,-0.505936
837.891,-0.508857
840.82,-0.511777
843.75,-0.514707
846.68,-0.517639
849.609,-0.520578
852.539,-0.523525
855.469,-0.526473
858.398,-0.529426
861.328,-0.532386
864.258,-0.535355
867.188,-0.538322
870.117,-0.541295
873.047,-0.54428
875.977,-0.547263
878.906,-0.550253
881.836,-0.553253
884.766,-0.55625
887.695,-0.55926
890.625,-0.562269
893.555,-0.565287
896.484,-0.568309
899.414,-0.571335
902.344,-0.574365
905.273,-0.577405
908.203,-0.580444
911.133,-0.583496
914.063,-0.586544
916.992,-0.589603
919.922,-0.592663
922.852,-0.595731
925.781,-0.598802
928.711,-0.60188
931.641,-0.60496
934.57,-0.608049
937.5,-0.61114
940.43,-0.614236
943.359,-0.617335
946.289,-0.620443
949.219,-0.623555
952.148,-0.626668
955.078,-0.629791
958.008,-0.632917
960.938,-0.636045
963.867,-0.639181
966.797,-0.642318
969.727,-0.645462
972.656,-0.648612
975.586,-0.651764
978.516,-0.654921
981.445,-0.658084
984.375,-0.661251
987.305,-0.66442
990.234,-0.667598
993.164,-0.670777
996.094,-0.673961
999.023,-0.677147
1001.95,-0.680343
1004.88,-0.68354
1007.81,-0.686742
1010.74,-0.689946
1013.67,-0.693157
1016.6,-0.696371
1019.53,-0.699593
1022.46,-0.702818
1025.39,-0.706039
1028.32,-0.709272
1031.25,-0.712506
1034.18,-0.715748
1037.11,-0.71899
1040.04,-0.722237
1042.97,-0.725489
1045.9,-0.728741
1048.83,-0.732002
1051.76,-0.735264
1054.69,-0.738531
1057.62,-0.741803
1060.55,-0.745074
1063.48,-0.748352
1066.41,-0.751636
1069.34,-0.75492
1072.27,-0.758211
1075.2,-0.761503
1078.13,-0.764798
1081.05,-0.768099
1083.98,-0.771404
1086.91,-0.77471
1089.84,-0.778018
1092.77,-0.781332
1095.7,-0.784652
1098.63,-0.78797
1101.56,-0.791295
1104.49,-0.794623
1107.42,-0.79795
1110.35,-0.801287
1113.28,-0.804624
1116.21,-0.807966
1119.14,-0.811307
1122.07,-0.814654
1125,-0.818005
1127.93,-0.821356
1130.86,-0.824714
1133.79,-0.828071
1136.72,-0.831436
1139.65,-0.834798
1142.58,-0.838166
1145.51,-0.841539
1148.44,-0.844912
1151.37,-0.848289
1154.3,-0.851667
1157.23,-0.855049
1160.16,-0.858434
1163.09,-0.861822
1166.02,-0.865214
1168.95,-0.868605
1171.88,-0.872
1174.8,-0.875399
1177.73,-0.878801
1180.66,-0.882202
1183.59,-0.885609
1186.52,-0.889018
1189.45,-0.892429
1192.38,-0.895842
1195.31,-0.899257
1198.24,-0.902674
1201.17,-0.906095
1204.1,-0.909519
1207.03,-0.912942
1209.96,-0.916367
1212.89,-0.919798
1215.82,-0.92323
1218.75,-0.926663
1221.68,-0.930097
1224.61,-0.933541
1227.54,-0.936975
1230.47,-0.940416
1233.4,-0.943864
1236.33,-0.94731
1239.26,-0.950758
1242.19,-0.954206
1245.12,-0.95766
1248.05,-0.961114
1250.98,-0.964569
1253.91,-0.968027
1256.84,-0.971487
1259.77,-0.97495
1262.7,-0.97841
1265.63,-0.981875
1268.55,-0.985341
1271.48,-0.988806
1274.41,-0.992278
1277.34,-0.995747
1280.27,-0.999223
1283.2,-1.00269
1286.13,-1.00617
1289.06,-1.00965
1291.99,-1.01313
1294.92,-1.01661
1297.85,-1.02009
1300.78,-1.02357
1303.71,-1.02705
1306.64,-1.03054
1309.57,-1.03403
1312.5,-1.03752
1315.43,-1.04101
1318.36,-1.0445
1321.29,-1.04799
1324.22,-1.05148
1327.15,-1.05497
1330.08,-1.05847
1333.01,-1.06197
1335.94,-1.06546
1338.87,-1.06896
1341.8,-1.07246
1344.73,-1.07596
1347.66,-1.07946
1350.59,-1.08296
1353.52,-1.08647
1356.45,-1.08997
1359.38,-1.09348
1362.3,-1.09698
1365.23,-1.10049
1368.16,-1.104
1371.09,-1.1075
1374.02,-1.11101
1376.95,-1.11453
1379.88,-1.11803
1382.81,-1.12155
1385.74,-1.12506
1388.67,-1.12857
1391.6,-1.13208
1394.53,-1.13559
1397.46,-1.13911
1400.39,-1.14263
1403.32,-1.14614
1406.25,-1.14965
1409.18,-1.15317
1412.11,-1.15669
1415.04,-1.1602
1417.97,-1.16372
1420.9,-1.16724
1423.83,-1.17076
1426.76,-1.17428
1429.69,-1.17779
1432.62,-1.18131
1435.55,-1.18483
1438.48,-1.18835
1441.41,-1.19187
1444.34,-1.19539
1447.27,-1.19891
1450.2,-1.20243
1453.13,-1.20595
1456.05,-1.20947
1458.98,-1.21299
1461.91,-1.21651
1464.84,-1.22003
1467.77,-1.22355
1470.7,-1.22707
1473.63,-1.2306
1476.56,-1.23411
1479.49,-1.23763
1482.42,-1.24115
1485.35,-1.24467
1488.28,-1.24819
1491.21,-1.25171
1494.14,-1.25523
1497.07,-1.25875
1500,-1.26227
1502.93,-1.26579
1505.86,-1.26931
1508.79,-1.27283
1511.72,-1.27635
1514.65,-1.27986
1517.58,-1.28338
1520.51,-1.2869
1523.44,-1.29041
1526.37,-1.29393
1529.3,-1.29745
1532.23,-1.30096
1535.16,-1.30448
1538.09,-1.308
1541.02,-1.31151
1543.95,-1.31502
1546.88,-1.31854
1549.8,-1.32205
1552.73,-1.32556
1555.66,-1.32907
1558.59,-1.33259
1561.52,-1.33609
1564.45,-1.3396
1567.38,-1.34311
1570.31,-1.34662
1573.24,-1.35013
1576.17,-1.35363
1579.1,-1.35714
1582.03,-1.36065
1584.96,-1.36415
1587.89,-1.36766
1590.82,-1.37116
1593.75,-1.37467
1596.68,-1.37816
1599.61,-1.38167
1602.54,-1.38517
1605.47,-1.38867
1608.4,-1.39216
1611.33,-1.39566
1614.26,-1.39916
1617.19,-1.40266
1620.12,-1.40615
1623.05,-1.40964
1625.98,-1.41313
1628.91,-1.41663
1631.84,-1.42012
1634.77,-1.42361
1637.7,-1.4271
1640.63,-1.43058
1643.55,-1.43407
1646.48,-1.43755
1649.41,-1.44104
1652.34,-1.44453
1655.27,-1.44801
1658.2,-1.45149
1661.13,-1.45497
1664.06,-1.45845
1666.99,-1.46192
1669.92,-1.4654
1672.85,-1.46887
1675.78,-1.47235
1678.71,-1.47582
1681.64,-1.4793
1684.57,-1.48277
1687.5,-1.48623
1690.43,-1.4897
1693.36,-1.49317
1696.29,-1.49663
1699.22,-1.50009
1702.15,-1.50356
1705.08,-1.50702
1708.01,-1.51048
1710.94,-1.51394
1713.87,-1.51739
1716.8,-1.52085
1719.73,-1.5243
1722.66,-1.52775
1725.59,-1.5312
1728.52,-1.53465
1731.45,-1.5381
1734.38,-1.54155
1737.3,-1.54499
1740.23,-1.54844
1743.16,-1.55188
1746.09,-1.55532
1749.02,-1.55876
1751.95,-1.56219
1754.88,-1.56563
1757.81,-1.56906
1760.74,-1.5725
1763.67,-1.57593
1766.6,-1.57936
1769.53,-1.58279
1772.46,-1.58621
1775.39,-1.58964
1778.32,-1.59306
1781.25,-1.59648
1784.18,-1.5999
1787.11,-1.60331
1790.04,-1.60673
1792.97,-1.61015
1795.9,-1.61356
1798.83,-1.61697
1801.76,-1.62037
1804.69,-1.62378
1807.62,-1.62719
1810.55,-1.63059
1813.48,-1.634
1816.41,-1.6374
1819.34,-1.64079
1822.27,-1.64419
1825.2,-1.64758
1828.13,-1.65098
1831.05,-1.65436
1833.98,-1.65775
1836.91,-1.66114
1839.84,-1.66452
1842.77,-1.66791
1845.7,-1.67129
1848.63,-1.67467
1851.56,-1.67805
1854.49,-1.68142
1857.42,-1.68479
1860.35,-1.68817
1863.28,-1.69154
1866.21,-1.6949
1869.14,-1.69827
1872.07,-1.70163
1875,-1.70499
1877.93,-1.70835
1880.86,-1.71171
1883.79,-1.71507
1886.72,-1.71842
1889.65,-1.72177
1892.58,-1.72512
1895.51,-1.72847
1898.44,-1.73181
1901.37,-1.73516
1904.3,-1.73849
1907.23,-1.74184
1910.16,-1.74517
1913.09,-1.74851
1916.02,-1.75184
1918.95,-1.75517
1921.88,-1.7585
1924.8,-1.76182
1927.73,-1.76515
1930.66,-1.76847
1933.59,-1.77179
1936.52,-1.7751
1939.45,-1.77842
1942.38,-1.78174
1945.31,-1.78504
1948.24,-1.78835
1951.17,-1.79166
1954.1,-1.79496
1957.03,-1.79827
1959.96,-1.80156
1962.89,-1.80486
1965.82,-1.80816
1968.75,-1.81145
1971.68,-1.81474
1974.61,-1.81803
1977.54,-1.82131
1980.47,-1.8246
1983.4,-1.82788
1986.33,-1.83116
1989.26,-1.83443
1992.19,-1.83771
1995.12,-1.84098
1998.05,-1.84425
2000.98,-1.84752
2003.91,-1.85079
2006.84,-1.85405
2009.77,-1.85731
2012.7,-1.86057
2015.63,-1.86383
2018.55,-1.86708
2021.48,-1.87033
2024.41,-1.87358
2027.34,-1.87683
2030.27,-1.88007
2033.2,-1.88331
2036.13,-1.88655
2039.06,-1.88979
2041.99,-1.89302
2044.92,-1.89625
2047.85,-1.89948
2050.78,-1.90271
2053.71,-1.90594
2056.64,-1.90916
2059.57,-1.91238
2062.5,-1.91559
2065.43,-1.91881
2068.36,-1.92202
2071.29,-1.92523
2074.22,-1.92844
2077.15,-1.93165
2080.08,-1.93485
2083.01,-1.93805
2085.94,-1.94125
2088.87,-1.94444
2091.8,-1.94763
2094.73,-1.95083
2097.66,-1.95401
2100.59,-1.9572
2103.52,-1.96038
2106.45,-1.96356
2109.38,-1.96674
2112.3,-1.96991
2115.23,-1.97308
2118.16,-1.97626
2121.09,-1.97942
2124.02,-1.98259
2126.95,-1.98575
2129.88,-1.98891
2132.81,-1.99207
2135.74,-1.99522
2138.67,-1.99837
2141.6,-2.00153
2144.53,-2.00467
2147.46,-2.00781
2150.39,-2.01096
2153.32,-2.0141
2156.25,-2.01723
2159.18,-2.02037
2162.11,-2.0235
2165.04,-2.02663
2167.97,-2.02975
2170.9,-2.03288
2173.83,-2.036
2176.76,-2.03912
2179.69,-2.04224
2182.62,-2.04535
2185.55,-2.04846
2188.48,-2.05157
2191.41,-2.05467
2194.34,-2.05777
2197.27,-2.06088
2200.2,-2.06397
2203.13,-2.06707
2206.05,-2.07016
2208.98,-2.07325
2211.91,-2.07634
2214.84,-2.07942
2217.77,-2.0825
2220.7,-2.08558
2223.63,-2.08866
2226.56,-2.09173
2229.49,-2.0948
2232.42,-2.09787
2235.35,-2.10094
2238.28,-2.104
2241.21,-2.10706
2244.14,-2.11012
2247.07,-2.11318
2250,-2.11623
2252.93,-2.11928
2255.86,-2.12232
2258.79,-2.12537
2261.72,-2.12841
2264.65,-2.13145
2267.58,-2.13448
2270.51,-2.13752
2273.44,-2.14055
2276.37,-2.14358
2279.3,-2.1466
2282.23,-2.14963
2285.16,-2.15265
2288.09,-2.15567
2291.02,-2.15868
2293.95,-2.16169
2296.88,-2.1647
2299.8,-2.16771
2302.73,-2.17071
2305.66,-2.17371
2308.59,-2.17671
2311.52,-2.17971
2314.45,-2.1827
2317.38,-2.18569
2320.31,-2.18868
2323.24,-2.19167
2326.17,-2.19465
2329.1,-2.19762
2332.03,-2.2006
2334.96,-2.20358
2337.89,-2.20655
2340.82,-2.20952
2343.75,-2.21248
2346.68,-2.21545
2349.61,-2.21841
2352.54,-2.22136
2355.47,-2.22432
2358.4,-2.22727
2361.33,-2.23022
2364.26,-2.23317
2367.19,-2.23611
2370.12,-2.23905
2373.05,-2.24199
2375.98,-2.24493
2378.91,-2.24786
2381.84,-2.25079
2384.77,-2.25372
2387.7,-2.25664
2390.63,-2.25957
2393.55,-2.26248
2396.48,-2.2654
2399.41,-2.26832
2402.34,-2.27123
2405.27,-2.27414
2408.2,-2.27704
2411.13,-2.27994
2414.06,-2.28284
2416.99,-2.28574
2419.92,-2.28863
2422.85,-2.29153
2425.78,-2.29441
2428.71,-2.2973
2431.64,-2.30019
2434.57,-2.30307
2437.5,-2.30594
2440.43,-2.30882
2443.36,-2.31169
2446.29,-2.31456
2449.22,-2.31743
2452.15,-2.3203
2455.08,-2.32316
2458.01,-2.32601
2460.94,-2.32887
2463.87,-2.33173
2466.8,-2.33457
2469.73,-2.33742
2472.66,-2.34027
2475.59,-2.34311
2478.52,-2.34595
2481.45,-2.34879
2484.38,-2.35162
2487.3,-2.35445
2490.23,-2.35728
2493.16,-2.36011
2496.09,-2.36293
2499.02,-2.36575
2501.95,-2.36857
2504.88,-2.37138
2507.81,-2.37419
2510.74,-2.377
2513.67,-2.37981
2516.6,-2.38261
2519.53,-2.38542
2522.46,-2.38821
2525.39,-2.39101
2528.32,-2.3938
2531.25,-2.39659
2534.18,-2.39938
2537.11,-2.40216
2540.04,-2.40494
2542.97,-2.40772
2545.9,-2.4105
2548.83,-2.41327
2551.76,-2.41604
2554.69,-2.41881
2557.62,-2.42158
2560.55,-2.42434
2563.48,-2.4271
2566.41,-2.42986
2569.34,-2.43261
2572.27,-2.43536
2575.2,-2.43811
2578.13,-2.44086
2581.05,-2.4436
2583.98,-2.44634
2586.91,-2.44908
2589.84,-2.45182
2592.77,-2.45455
2595.7,-2.45728
2598.63,-2.46
2601.56,-2.46273
2604.49,-2.46545
2607.42,-2.46817
2610.35,-2.47088
2613.28,-2.47359
2616.21,-2.47631
2619.14,-2.47901
2622.07,-2.48172
2625,-2.48442
2627.93,-2.48712
2630.86,-2.48982
2633.79,-2.49251
2636.72,-2.4952
2639.65,-2.49789
2642.58,-2.50058
2645.51,-2.50326
2648.44,-2.50594
2651.37,-2.50862
2654.3,-2.5113
2657.23,-2.51397
2660.16,-2.51664
2663.09,-2.5193
2666.02,-2.52197
2668.95,-2.52463
2671.88,-2.52729
2674.8,-2.52995
2677.73,-2.5326
2680.66,-2.53525
2683.59,-2.5379
2686.52,-2.54054
2689.45,-2.54319
2692.38,-2.54583
2695.31,-2.54846
2698.24,-2.5511
2701.17,-2.55373
2704.1,-2.55636
2707.03,-2.55899
2709.96,-2.56161
2712.89,-2.56423
2715.82,-2.56685
2718.75,-2.56947
2721.68,-2.57208
2724.61,-2.57469
2727.54,-2.5773
2730.47,-2.5799
2733.4,-2.58251
2736.33,-2.5851
2739.26,-2.5877
2742.19,-2.5903
2745.12,-2.59289
2748.05,-2.59548
2750.98,-2.59806
2753.91,-2.60065
2756.84,-2.60323
2759.77,-2.60581
2762.7,-2.60838
2765.63,-2.61096
2768.55,-2.61353
2771.48,-2.6161
2774.41,-2.61866
2777.34,-2.62122
2780.27,-2.62378
2783.2,-2.62634
2786.13,-2.62889
2789.06,-2.63144
2791.99,-2.634
2794.92,-2.63654
2797.85,-2.63909
2800.78,-2.64163
2803.71,-2.64417
2806.64,-2.6467
2809.57,-2.64924
2812.5,-2.65176
2815.43,-2.6543
2818.36,-2.65682
2821.29,-2.65934
2824.22,-2.66186
2827.15,-2.66438
2830.08,-2.6669
2833.01,-2.66941
2835.94,-2.67192
2838.87,-2.67443
2841.8,-2.67693
2844.73,-2.67943
2847.66,-2.68193
2850.59,-2.68443
2853.52,-2.68692
2856.45,-2.68941
2859.38,-2.6919
2862.3,-2.69439
2865.23,-2.69688
2868.16,-2.69935
2871.09,-2.70183
2874.02,-2.70431
2876.95,-2.70678
2879.88,-2.70925
2882.81,-2.71172
2885.74,-2.71419
2888.67,-2.71665
2891.6,-2.71911
2894.53,-2.72157
2897.46,-2.72403
2900.39,-2.72648
2903.32,-2.72893
2906.25,-2.73138
2909.18,-2.73382
2912.11,-2.73627
2915.04,-2.7387
2917.97,-2.74114
2920.9,-2.74358
2923.83,-2.74601
2926.76,-2.74844
2929.69,-2.75087
2932.62,-2.75329
2935.55,-2.75571
2938.48,-2.75813
2941.41,-2.76055
2944.34,-2.76296
2947.27,-2.76538
2950.2,-2.76779
2953.13,-2.7702
2956.05,-2.7726
2958.98,-2.775
2961.91,-2.7774
2964.84,-2.7798
2967.77,-2.78219
2970.7,-2.78458
2973.63,-2.78697
2976.56,-2.78936
2979.49,-2.79175
2982.42,-2.79413
2985.35,-2.79651
2988.28,-2.79888
2991.21,-2.80126
2994.14,-2.80363
2997.07,-2.806
3000,-2.80837
3002.93,-2.81073
3005.86,-2.81309
3008.79,-2.81545
3011.72,-2.81781
3014.65,-2.82017
3017.58,-2.82252
3020.51,-2.82486
3023.44,-2.82721
3026.37,-2.82956
3029.3,-2.8319
3032.23,-2.83424
3035.16,-2.83658
3038.09,-2.83892
3041.02,-2.84124
3043.95,-2.84357
3046.88,-2.8459
3049.8,-2.84823
3052.73,-2.85055
3055.66,-2.85287
3058.59,-2.85519
3061.52,-2.8575
3064.45,-2.85982
3067.38,-2.86213
3070.31,-2.86443
3073.24,-2.86674
3076.17,-2.86905
3079.1,-2.87134
3082.03,-2.87364
3084.96,-2.87594
3087.89,-2.87824
3090.82,-2.88053
3093.75,-2.88281
3096.68,-2.8851
3099.61,-2.88738
3102.54,-2.88967
3105.47,-2.89195
3108.4,-2.89422
3111.33,-2.8965
3114.26,-2.89877
3117.19,-2.90104
3120.12,-2.9033
3123.05,-2.90557
3125.98,-2.90783
3128.91,-2.91009
3131.84,-2.91235
3134.77,-2.91461
3137.7,-2.91686
3140.63,-2.91911
3143.55,-2.92136
3146.48,-2.9236
3149.41,-2.92585
3152.34,-2.92809
3155.27,-2.93033
3158.2,-2.93256
3161.13,-2.9348
3164.06,-2.93703
3166.99,-2.93926
3169.92,-2.94149
3172.85,-2.94371
3175.78,-2.94593
3178.71,-2.94815
3181.64,-2.95037
3184.57,-2.95259
3187.5,-2.9548
3190.43,-2.95701
3193.36,-2.95922
3196.29,-2.96142
3199.22,-2.96363
3202.15,-2.96583
3205.08,-2.96803
3208.01,-2.97023
3210.94,-2.97242
3213.87,-2.97461
3216.8,-2.9768
3219.73,-2.97899
3222.66,-2.98118
3225.59,-2.98336
3228.52,-2.98554
3231.45,-2.98772
3234.38,-2.9899
3237.3,-2.99207
3240.23,-2.99424
3243.16,-2.99641
3246.09,-2.99858
3249.02,-3.00074
3251.95,-3.00291
3254.88,-3.00507
3257.81,-3.00723
3260.74,-3.00938
3263.67,-3.01154
3266.6,-3.01369
3269.53,-3.01584
3272.46,-3.01798
3275.39,-3.02013
3278.32,-3.02227
3281.25,-3.02441
3284.18,-3.02655
3287.11,-3.02868
3290.04,-3.03082
3292.97,-3.03295
3295.9,-3.03508
3298.83,-3.03721
3301.76,-3.03933
3304.69,-3.04146
3307.62,-3.04357
3310.55,-3.04569
3313.48,-3.04781
3316.41,-3.04992
3319.34,-3.05203
3322.27,-3.05414
3325.2,-3.05625
3328.13,-3.05835
3331.05,-3.06046
3333.98,-3.06256
3336.91,-3.06466
3339.84,-3.06675
3342.77,-3.06885
3345.7,-3.07094
3348.63,-3.07303
3351.56,-3.07512
3354.49,-3.0772
3357.42,-3.07928
3360.35,-3.08137
3363.28,-3.08345
3366.21,-3.08552
3369.14,-3.0876
3372.07,-3.08967
3375,-3.09174
3377.93,-3.09381
3380.86,-3.09587
3383.79,-3.09794
3386.72,-3.1
3389.65,-3.10206
3392.58,-3.10412
3395.51,-3.10617
3398.44,-3.10823
3401.37,-3.11028
3404.3,-3.11233
3407.23,-3.11437
3410.16,-3.11642
3413.09,-3.11846
3416.02,-3.1205
3418.95,-3.12254
3421.88,-3.12458
3424.8,-3.12661
3427.73,-3.12864
3430.66,-3.13067
3433.59,-3.1327
3436.52,-3.13473
3439.45,-3.13675
3442.38,-3.13877
3445.31,-3.14079
3448.24,-3.14281
3451.17,-3.14483
3454.1,-3.14684
3457.03,-3.14885
3459.96,-3.15086
3462.89,-3.15287
3465.82,-3.15487
3468.75,-3.15688
3471.68,-3.15888
3474.61,-3.16088
3477.54,-3.16288
3480.47,-3.16487
3483.4,-3.16686
3486.33,-3.16885
3489.26,-3.17084
3492.19,-3.17283
3495.12,-3.17481
3498.05,-3.1768
3500.98,-3.17878
3503.91,-3.18076
3506.84,-3.18273
3509.77,-3.18471
3512.7,-3.18668
3515.63,-3.18865
3518.55,-3.19062
3521.48,-3.19259
3524.41,-3.19455
3527.34,-3.19651
3530.27,-3.19848
3533.2,-3.20043
3536.13,-3.20239
3539.06,-3.20435
3541.99,-3.2063
3544.92,-3.20825
3547.85,-3.2102
3550.78,-3.21214
3553.71,-3.21409
3556.64,-3.21603
3559.57,-3.21798
3562.5,-3.21991
3565.43,-3.22185
3568.36,-3.22378
3571.29,-3.22572
3574.22,-3.22765
3577.15,-3.22958
3580.08,-3.23151
3583.01,-3.23343
3585.94,-3.23536
3588.87,-3.23728
3591.8,-3.2392
3594.73,-3.24112
3597.66,-3.24303
3600.59,-3.24494
3603.52,-3.24685
3606.45,-3.24876
3609.38,-3.25067
3612.3,-3.25258
3615.23,-3.25448
3618.16,-3.25639
3621.09,-3.25829
3624.02,-3.26018
3626.95,-3.26208
3629.88,-3.26398
3632.81,-3.26587
3635.74,-3.26776
3638.67,-3.26965
3641.6,-3.27153
3644.53,-3.27342
3647.46,-3.2753
3650.39,-3.27718
3653.32,-3.27906
3656.25,-3.28094
3659.18,-3.28282
3662.11,-3.28469
3665.04,-3.28656
3667.97,-3.28843
3670.9,-3.2903
3673.83,-3.29217
3676.76,-3.29403
3679.69,-3.29589
3682.62,-3.29775
3685.55,-3.29962
3688.48,-3.30147
3691.41,-3.30332
3694.34,-3.30518
3697.27,-3.30703
3700.2,-3.30888
3703.13,-3.31073
3706.05,-3.31257
3708.98,-3.31442
3711.91,-3.31626
3714.84,-3.3181
3717.77,-3.31994
3720.7,-3.32178
3723.63,-3.32362
3726.56,-3.32545
3729.49,-3.32728
3732.42,-3.32911
3735.35,-3.33094
3738.28,-3.33276
3741.21,-3.33459
3744.14,-3.33641
3747.07,-3.33823
3750,-3.34005
3752.93,-3.34187
3755.86,-3.34368
3758.79,-3.3455
3761.72,-3.34731
3764.65,-3.34912
3767.58,-3.35093
3770.51,-3.35273
3773.44,-3.35454
3776.37,-3.35634
3779.3,-3.35814
3782.23,-3.35994
3785.16,-3.36174
3788.09,-3.36354
3791.02,-3.36533
3793.95,-3.36712
3796.88,-3.36891
3799.8,-3.3707
3802.73,-3.37249
3805.66,-3.37428
3808.59,-3.37606
3811.52,-3.37784
3814.45,-3.37962
3817.38,-3.3814
3820.31,-3.38317
3823.24,-3.38495
3826.17,-3.38672
3829.1,-3.3885
3832.03,-3.39027
3834.96,-3.39204
3837.89,-3.3938
3840.82,-3.39557
3843.75,-3.39733
3846.68,-3.39909
3849.61,-3.40085
3852.54,-3.40261
3855.47,-3.40437
3858.4,-3.40612
3861.33,-3.40787
3864.26,-3.40962
3867.19,-3.41137
3870.12,-3.41312
3873.05,-3.41487
3875.98,-3.41661
3878.91,-3.41835
3881.84,-3.4201
3884.77,-3.42184
3887.7,-3.42357
3890.63,-3.42531
3893.55,-3.42705
3896.48,-3.42878
3899.41,-3.43051
3902.34,-3.43224
3905.27,-3.43397
3908.2,-3.43569
3911.13,-3.43742
3914.06,-3.43914
3916.99,-3.44086
3919.92,-3.44258
3922.85,-3.4443
3925.78,-3.44602
3928.71,-3.44773
3931.64,-3.44944
3934.57,-3.45115
3937.5,-3.45287
3940.43,-3.45458
3943.36,-3.45628
3946.29,-3.45799
3949.22,-3.45969
3952.15,-3.46139
3955.08,-3.46309
3958.01,-3.46479
3960.94,-3.46649
3963.87,-3.46818
3966.8,-3.46988
3969.73,-3.47157
3972.66,-3.47326
3975.59,-3.47495
3978.52,-3.47664
3981.45,-3.47832
3984.38,-3.48001
3987.3,-3.48169
3990.23,-3.48337
3993.16,-3.48505
3996.09,-3.48673
3999.02,-3.48841
4001.95,-3.49008
4004.88,-3.49176
4007.81,-3.49343
4010.74,-3.4951
4013.67,-3.49676
4016.6,-3.49843
4019.53,-3.5001
4022.46,-3.50176
4025.39,-3.50342
4028.32,-3.50508
4031.25,-3.50674
4034.18,-3.5084
4037.11,-3.51006
4040.04,-3.51171
4042.97,-3.51336
4045.9,-3.51502
4048.83,-3.51667
4051.76,-3.51831
4054.69,-3.51996
4057.62,-3.52161
4060.55,-3.52325
4063.48,-3.5249
4066.41,-3.52653
4069.34,-3.52817
4072.27,-3.52981
4075.2,-3.53145
4078.13,-3.53308
4081.05,-3.53472
4083.98,-3.53635
4086.91,-3.53798
4089.84,-3.53961
4092.77,-3.54124
4095.7,-3.54286
4098.63,-3.54449
4101.56,-3.54611
4104.49,-3.54773
4107.42,-3.54935
4110.35,-3.55097
4113.28,-3.55259
4116.21,-3.5542
4119.14,-3.55582
4122.07,-3.55743
4125,-3.55904
4127.93,-3.56065
4130.86,-3.56226
4133.79,-3.56387
4136.72,-3.56547
4139.65,-3.56708
4142.58,-3.56868
4145.51,-3.57028
4148.44,-3.57188
4151.37,-3.57347
4154.3,-3.57507
4157.23,-3.57667
4160.16,-3.57826
4163.09,-3.57985
4166.02,-3.58145
4168.95,-3.58303
4171.88,-3.58462
4174.8,-3.58621
4177.73,-3.58779
4180.66,-3.58938
4183.59,-3.59096
4186.52,-3.59254
4189.45,-3.59412
4192.38,-3.5957
4195.31,-3.59727
4198.24,-3.59885
4201.17,-3.60042
4204.1,-3.60199
4207.03,-3.60357
4209.96,-3.60514
4212.89,-3.60671
4215.82,-3.60827
4218.75,-3.60984
4221.68,-3.6114
4224.61,-3.61296
4227.54,-3.61452
4230.47,-3.61609
4233.4,-3.61764
4236.33,-3.6192
4239.26,-3.62076
4242.19,-3.62231
4245.12,-3.62386
4248.05,-3.62541
4250.98,-3.62696
4253.91,-3.62851
4256.84,-3.63006
4259.77,-3.63161
4262.7,-3.63315
4265.63,-3.63469
4268.55,-3.63624
4271.48,-3.63778
4274.41,-3.63932
4277.34,-3.64086
4280.27,-3.64239
4283.2,-3.64393
4286.13,-3.64546
4289.06,-3.64699
4291.99,-3.64853
4294.92,-3.65005
4297.85,-3.65158
4300.78,-3.65311
4303.71,-3.65464
4306.64,-3.65616
4309.57,-3.65768
4312.5,-3.65921
4315.43,-3.66073
4318.36,-3.66225
4321.29,-3.66376
4324.22,-3.66528
4327.15,-3.6668
4330.08,-3.66831
4333.01,-3.66982
4335.94,-3.67133
4338.87,-3.67285
4341.8,-3.67435
4344.73,-3.67586
4347.66,-3.67737
4350.59,-3.67887
4353.52,-3.68038
4356.45,-3.68188
4359.38,-3.68338
4362.3,-3.68488
4365.23,-3.68638
4368.16,-3.68788
4371.09,-3.68937
4374.02,-3.69087
4376.95,-3.69236
4379.88,-3.69385
4382.81,-3.69534
4385.74,-3.69683
4388.67,-3.69832
4391.6,-3.69981
4394.53,-3.70129
4397.46,-3.70278
4400.39,-3.70426
4403.32,-3.70574
4406.25,-3.70722
4409.18,-3.7087
4412.11,-3.71018
4415.04,-3.71165
4417.97,-3.71313
4420.9,-3.71461
4423.83,-3.71608
4426.76,-3.71755
4429.69,-3.71902
4432.62,-3.72049
4435.55,-3.72196
4438.48,-3.72343
4441.41,-3.72489
4444.34,-3.72636
4447.27,-3.72782
4450.2,-3.72929
4453.13,-3.73074
4456.05,-3.7322
4458.98,-3.73366
4461.91,-3.73512
4464.84,-3.73657
4467.77,-3.73803
4470.7,-3.73948
4473.63,-3.74094
4476.56,-3.74239
4479.49,-3.74384
4482.42,-3.74529
4485.35,-3.74673
4488.28,-3.74818
4491.21,-3.74962
4494.14,-3.75107
4497.07,-3.75251
4500,-3.75395
4502.93,-3.75539
4505.86,-3.75683
4508.79,-3.75827
4511.72,-3.75971
4514.65,-3.76114
4517.58,-3.76258
4520.51,-3.76401
4523.44,-3.76544
4526.37,-3.76687
4529.3,-3.7683
4532.23,-3.76973
4535.16,-3.77116
4538.09,-3.77258
4541.02,-3.77401
4543.95,-3.77543
4546.88,-3.77686
4549.8,-3.77828
4552.73,-3.7797
4555.66,-3.78112
4558.59,-3.78253
4561.52,-3.78395
4564.45,-3.78537
4567.38,-3.78678
4570.31,-3.78819
4573.24,-3.78961
4576.17,-3.79102
4579.1,-3.79243
4582.03,-3.79384
4584.96,-3.79525
4587.89,-3.79665
4590.82,-3.79806
4593.75,-3.79946
4596.68,-3.80087
4599.61,-3.80227
4602.54,-3.80367
4605.47,-3.80507
4608.4,-3.80647
4611.33,-3.80786
4614.26,-3.80926
4617.19,-3.81065
4620.12,-3.81205
4623.05,-3.81344
4625.98,-3.81483
4628.91,-3.81622
4631.84,-3.81762
4634.77,-3.819
4637.7,-3.82039
4640.63,-3.82178
4643.55,-3.82316
4646.48,-3.82455
4649.41,-3.82593
4652.34,-3.82731
4655.27,-3.82869
4658.2,-3.83007
4661.13,-3.83145
4664.06,-3.83283
4666.99,-3.83421
4669.92,-3.83558
4672.85,-3.83695
4675.78,-3.83833
4678.71,-3.8397
4681.64,-3.84107
4684.57,-3.84244
4687.5,-3.84381
4690.43,-3.84518
4693.36,-3.84654
4696.29,-3.84791
4699.22,-3.84928
4702.15,-3.85064
4705.08,-3.852
4708.01,-3.85336
4710.94,-3.85472
4713.87,-3.85608
4716.8,-3.85744
4719.73,-3.8588
4722.66,-3.86016
4725.59,-3.86151
4728.52,-3.86286
4731.45,-3.86421
4734.38,-3.86557
4737.3,-3.86692
4740.23,-3.86827
4743.16,-3.86962
4746.09,-3.87097
4749.02,-3.87231
4751.95,-3.87366
4754.88,-3.875
4757.81,-3.87635
4760.74,-3.87769
4763.67,-3.87903
4766.6,-3.88038
4769.53,-3.88172
4772.46,-3.88305
4775.39,-3.88439
4778.32,-3.88573
4781.25,-3.88706
4784.18,-3.8884
4787.11,-3.88973
4790.04,-3.89106
4792.97,-3.89239
4795.9,-3.89372
4798.83,-3.89505
4801.76,-3.89638
4804.69,-3.89771
4807.62,-3.89903
4810.55,-3.90036
4813.48,-3.90168
4816.41,-3.90301
4819.34,-3.90433
4822.27,-3.90565
4825.2,-3.90697
4828.13,-3.90829
4831.05,-3.90961
4833.98,-3.91093
4836.91,-3.91225
4839.84,-3.91356
4842.77,-3.91487
4845.7,-3.91619
4848.63,-3.9175
4851.56,-3.91881
4854.49,-3.92012
4857.42,-3.92143
4860.35,-3.92274
4863.28,-3.92405
4866.21,-3.92535
4869.14,-3.92666
4872.07,-3.92797
4875,-3.92927
4877.93,-3.93057
4880.86,-3.93187
4883.79,-3.93317
4886.72,-3.93447
4889.65,-3.93577
4892.58,-3.93707
4895.51,-3.93837
4898.44,-3.93966
4901.37,-3.94096
4904.3,-3.94225
4907.23,-3.94355
4910.16,-3.94484
4913.09,-3.94613
4916.02,-3.94742
4918.95,-3.94871
4921.88,-3.95
4924.8,-3.95128
4927.73,-3.95257
4930.66,-3.95386
4933.59,-3.95514
4936.52,-3.95643
4939.45,-3.95771
4942.38,-3.95899
4945.31,-3.96027
4948.24,-3.96155
4951.17,-3.96283
4954.1,-3.96411
4957.03,-3.96539
4959.96,-3.96666
4962.89,-3.96794
4965.82,-3.96921
4968.75,-3.97049
4971.68,-3.97176
4974.61,-3.97303
4977.54,-3.9743
4980.47,-3.97557
4983.4,-3.97684
4986.33,-3.97811
4989.26,-3.97937
4992.19,-3.98064
4995.12,-3.98191
4998.05,-3.98317
5000.98,-3.98443
5003.91,-3.9857
5006.84,-3.98696
5009.77,-3.98822
5012.7,-3.98948
5015.63,-3.99074
5018.55,-3.992
5021.48,-3.99325
5024.41,-3.99451
5027.34,-3.99577
5030.27,-3.99702
5033.2,-3.99827
5036.13,-3.99953
5039.06,-4.00078
5041.99,-4.00203
5044.92,-4.00328
5047.85,-4.00453
5050.78,-4.00578
5053.71,-4.00703
5056.64,-4.00827
5059.57,-4.00952
5062.5,-4.01076
5065.43,-4.01201
5068.36,-4.01325
5071.29,-4.01449
5074.22,-4.01573
5077.15,-4.01697
5080.08,-4.01821
5083.01,-4.01945
5085.94,-4.02069
5088.87,-4.02193
5091.8,-4.02316
5094.73,-4.0244
5097.66,-4.02563
5100.59,-4.02687
5103.52,-4.0281
5106.45,-4.02934
5109.38,-4.03056
5112.3,-4.03179
5115.23,-4.03302
5118.16,-4.03425
5121.09,-4.03548
5124.02,-4.03671
5126.95,-4.03793
5129.88,-4.03916
5132.81,-4.04038
5135.74,-4.0416
5138.67,-4.04283
5141.6,-4.04405
5144.53,-4.04527
5147.46,-4.04649
5150.39,-4.04771
5153.32,-4.04893
5156.25,-4.05015
5159.18,-4.05136
5162.11,-4.05258
5165.04,-4.0538
5167.97,-4.05501
5170.9,-4.05622
5173.83,-4.05744
5176.76,-4.05865
5179.69,-4.05986
5182.62,-4.06107
5185.55,-4.06228
5188.48,-4.06349
5191.41,-4.0647
5194.34,-4.06591
5197.27,-4.06711
5200.2,-4.06832
5203.13,-4.06952
5206.05,-4.07072
5208.98,-4.07193
5211.91,-4.07313
5214.84,-4.07433
5217.77,-4.07553
5220.7,-4.07673
5223.63,-4.07793
5226.56,-4.07913
5229.49,-4.08033
5232.42,-4.08152
5235.35,-4.08272
5238.28,-4.08391
5241.21,-4.08511
5244.14,-4.0863
5247.07,-4.0875
5250,-4.08869
5252.93,-4.08988
5255.86,-4.09107
5258.79,-4.09226
5261.72,-4.09345
5264.65,-4.09464
5267.58,-4.09583
5270.51,-4.09701
5273.44,-4.09819
5276.37,-4.09938
5279.3,-4.10056
5282.23,-4.10175
5285.16,-4.10293
5288.09,-4.10411
5291.02,-4.10529
5293.95,-4.10647
5296.88,-4.10765
5299.8,-4.10883
5302.73,-4.11001
5305.66,-4.11119
5308.59,-4.11236
5311.52,-4.11354
5314.45,-4.11471
5317.38,-4.11589
5320.31,-4.11706
5323.24,-4.11824
5326.17,-4.11941
5329.1,-4.12058
5332.03,-4.12175
5334.96,-4.12292
5337.89,-4.12409
5340.82,-4.12526
5343.75,-4.12642
5346.68,-4.12759
5349.61,-4.12876
5352.54,-4.12992
5355.47,-4.13108
5358.4,-4.13225
5361.33,-4.13341
5364.26,-4.13457
5367.19,-4.13574
5370.12,-4.1369
5373.05,-4.13806
5375.98,-4.13921
5378.91,-4.14038
5381.84,-4.14153
5384.77,-4.14269
5387.7,-4.14385
5390.63,-4.145
5393.55,-4.14616
5396.48,-4.14731
5399.41,-4.14846
5402.34,-4.14962
5405.27,-4.15077
5408.2,-4.15192
5411.13,-4.15307
5414.06,-4.15422
5416.99,-4.15537
5419.92,-4.15652
5422.85,-4.15767
5425.78,-4.15881
5428.71,-4.15996
5431.64,-4.16111
5434.57,-4.16225
5437.5,-4.1634
5440.43,-4.16454
5443.36,-4.16568
5446.29,-4.16682
5449.22,-4.16796
5452.15,-4.16911
5455.08,-4.17025
5458.01,-4.17139
5460.94,-4.17252
5463.87,-4.17366
5466.8,-4.1748
5469.73,-4.17594
5472.66,-4.17707
5475.59,-4.17821
5478.52,-4.17934
5481.45,-4.18048
5484.38,-4.18161
5487.3,-4.18274
5490.23,-4.18387
5493.16,-4.185
5496.09,-4.18613
5499.02,-4.18726
5501.95,-4.18839
5504.88,-4.18952
5507.81,-4.19065
5510.74,-4.19177
5513.67,-4.1929
5516.6,-4.19403
5519.53,-4.19515
5522.46,-4.19627
5525.39,-4.1974
5528.32,-4.19852
5531.25,-4.19964
5534.18,-4.20076
5537.11,-4.20188
5540.04,-4.20301
5542.97,-4.20412
5545.9,-4.20524
5548.83,-4.20636
5551.76,-4.20748
5554.69,-4.2086
5557.62,-4.20971
5560.55,-4.21083
5563.48,-4.21194
5566.41,-4.21306
5569.34,-4.21417
5572.27,-4.21528
5575.2,-4.21639
5578.13,-4.21751
5581.05,-4.21861
5583.98,-4.21973
5586.91,-4.22084
5589.84,-4.22194
5592.77,-4.22305
5595.7,-4.22416
5598.63,-4.22527
5601.56,-4.22637
5604.49,-4.22748
5607.42,-4.22859
5610.35,-4.22969
5613.28,-4.23079
5616.21,-4.23189
5619.14,-4.233
5622.07,-4.2341
5625,-4.2352
5627.93,-4.2363
5630.86,-4.2374
5633.79,-4.2385
5636.72,-4.2396
5639.65,-4.2407
5642.58,-4.2418
5645.51,-4.24289
5648.44,-4.24399
5651.37,-4.24508
5654.3,-4.24618
5657.23,-4.24727
5660.16,-4.24836
5663.09,-4.24946
5666.02,-4.25055
5668.95,-4.25164
5671.88,-4.25273
5674.8,-4.25382
5677.73,-4.25491
5680.66,-4.256
5683.59,-4.25709
5686.52,-4.25818
5689.45,-4.25926
5692.38,-4.26035
5695.31,-4.26144
5698.24,-4.26252
5701.17,-4.26361
5704.1,-4.26469
5707.03,-4.26578
5709.96,-4.26686
5712.89,-4.26794
5715.82,-4.26902
5718.75,-4.2701
5721.68,-4.27118
5724.61,-4.27226
5727.54,-4.27334
5730.47,-4.27442
5733.4,-4.2755
5736.33,-4.27658
5739.26,-4.27765
5742.19,-4.27873
5745.12,-4.27981
5748.05,-4.28088
5750.98,-4.28195
5753.91,-4.28303
5756.84,-4.2841
5759.77,-4.28518
5762.7,-4.28625
5765.63,-4.28732
5768.55,-4.28839
5771.48,-4.28946
5774.41,-4.29053
5777.34,-4.2916
5780.27,-4.29267
5783.2,-4.29373
5786.13,-4.2948
5789.06,-4.29587
5791.99,-4.29694
5794.92,-4.298
5797.85,-4.29907
5800.78,-4.30013
5803.71,-4.3012
5806.64,-4.30226
5809.57,-4.30332
5812.5,-4.30438
5815.43,-4.30544
5818.36,-4.30651
5821.29,-4.30757
5824.22,-4.30863
5827.15,-4.30969
5830.08,-4.31074
5833.01,-4.3118
5835.94,-4.31286
5838.87,-4.31392
5841.8,-4.31497
5844.73,-4.31603
5847.66,-4.31708
5850.59,-4.31814
5853.52,-4.31919
5856.45,-4.32025
5859.38,-4.3213
5862.3,-4.32235
5865.23,-4.3234
5868.16,-4.32446
5871.09,-4.3255
5874.02,-4.32656
5876.95,-4.3276
5879.88,-4.32865
5882.81,-4.3297
5885.74,-4.33075
5888.67,-4.3318
5891.6,-4.33284
5894.53,-4.33389
5897.46,-4.33494
5900.39,-4.33598
5903.32,-4.33702
5906.25,-4.33807
5909.18,-4.33911
5912.11,-4.34015
5915.04,-4.3412
5917.97,-4.34224
5920.9,-4.34328
5923.83,-4.34432
5926.76,-4.34536
5929.69,-4.3464
5932.62,-4.34744
5935.55,-4.34848
5938.48,-4.34952
5941.41,-4.35055
5944.34,-4.35159
5947.27,-4.35263
5950.2,-4.35366
5953.13,-4.3547
5956.05,-4.35574
5958.98,-4.35677
5961.91,-4.3578
5964.84,-4.35884
5967.77,-4.35987
5970.7,-4.3609
5973.63,-4.36193
5976.56,-4.36296
5979.49,-4.364
5982.42,-4.36502
5985.35,-4.36606
5988.28,-4.36708
5991.21,-4.36811
5994.14,-4.36914
5997.07,-4.37017
6000,-4.37119
6002.93,-4.37222
6005.86,-4.37324
6008.79,-4.37427
6011.72,-4.3753
6014.65,-4.37632
6017.58,-4.37734
6020.51,-4.37837
6023.44,-4.37939
6026.37,-4.38041
6029.3,-4.38143
6032.23,-4.38245
6035.16,-4.38347
6038.09,-4.38449
6041.02,-4.38551
6043.95,-4.38653
6046.88,-4.38755
6049.8,-4.38857
6052.73,-4.38959
6055.66,-4.3906
6058.59,-4.39162
6061.52,-4.39264
6064.45,-4.39365
6067.38,-4.39466
6070.31,-4.39568
6073.24,-4.39669
6076.17,-4.39771
6079.1,-4.39872
6082.03,-4.39973
6084.96,-4.40075
6087.89,-4.40176
6090.82,-4.40277
6093.75,-4.40378
6096.68,-4.40479
6099.61,-4.4058
6102.54,-4.40681
6105.47,-4.40781
6108.4,-4.40882
6111.33,-4.40983
6114.26,-4.41084
6117.19,-4.41184
6120.12,-4.41285
6123.05,-4.41385
6125.98,-4.41486
6128.91,-4.41586
6131.84,-4.41687
6134.77,-4.41787
6137.7,-4.41888
6140.63,-4.41988
6143.55,-4.42088
6146.48,-4.42188
6149.41,-4.42288
6152.34,-4.42388
6155.27,-4.42488
6158.2,-4.42588
6161.13,-4.42688
6164.06,-4.42788
6166.99,-4.42888
6169.92,-4.42988
6172.85,-4.43087
6175.78,-4.43187
6178.71,-4.43286
6181.64,-4.43386
6184.57,-4.43485
6187.5,-4.43585
6190.43,-4.43685
6193.36,-4.43784
6196.29,-4.43883
6199.22,-4.43982
6202.15,-4.44082
6205.08,-4.44181
6208.01,-4.4428
6210.94,-4.44379
6213.87,-4.44478
6216.8,-4.44577
6219.73,-4.44676
6222.66,-4.44775
6225.59,-4.44874
6228.52,-4.44973
6231.45,-4.45072
6234.38,-4.4517
6237.3,-4.45269
6240.23,-4.45368
6243.16,-4.45466
6246.09,-4.45565
6249.02,-4.45663
6251.95,-4.45761
6254.88,-4.4586
6257.81,-4.45958
6260.74,-4.46056
6263.67,-4.46155
6266.6,-4.46253
6269.53,-4.46352
6272.46,-4.46449
6275.39,-4.46547
6278.32,-4.46645
6281.25,-4.46744
6284.18,-4.46841
6287.11,-4.46939
6290.04,-4.47037
6292.97,-4.47135
6295.9,-4.47233
6298.83,-4.4733
6301.76,-4.47428
6304.69,-4.47526
6307.62,-4.47623
6310.55,-4.47721
6313.48,-4.47818
6316.41,-4.47916
6319.34,-4.48013
6322.27,-4.48111
6325.2,-4.48208
6328.13,-4.48305
6331.05,-4.48402
6333.98,-4.48499
6336.91,-4.48597
6339.84,-4.48694
6342.77,-4.48791
6345.7,-4.48888
6348.63,-4.48985
6351.56,-4.49082
6354.49,-4.49179
6357.42,-4.49275
6360.35,-4.49372
6363.28,-4.49469
6366.21,-4.49565
6369.14,-4.49662
6372.07,-4.49759
6375,-4.49855
6377.93,-4.49952
6380.86,-4.50048
6383.79,-4.50145
6386.72,-4.50241
6389.65,-4.50337
6392.58,-4.50434
6395.51,-4.5053
6398.44,-4.50626
6401.37,-4.50722
6404.3,-4.50818
6407.23,-4.50915
6410.16,-4.51011
6413.09,-4.51107
6416.02,-4.51203
6418.95,-4.51299
6421.88,-4.51395
6424.8,-4.5149
6427.73,-4.51586
6430.66,-4.51682
6433.59,-4.51777
6436.52,-4.51873
6439.45,-4.51969
6442.38,-4.52064
6445.31,-4.5216
6448.24,-4.52255
6451.17,-4.52351
6454.1,-4.52446
6457.03,-4.52541
6459.96,-4.52637
6462.89,-4.52732
6465.82,-4.52827
6468.75,-4.52923
6471.68,-4.53018
6474.61,-4.53113
6477.54,-4.53208
6480.47,-4.53303
6483.4,-4.53398
6486.33,-4.53493
6489.26,-4.53588
6492.19,-4.53683
6495.12,-4.53778
6498.05,-4.53872
6500.98,-4.53967
6503.91,-4.54062
6506.84,-4.54156
6509.77,-4.54251
6512.7,-4.54346
6515.63,-4.5444
6518.55,-4.54535
6521.48,-4.54629
6524.41,-4.54724
6527.34,-4.54818
6530.27,-4.54912
6533.2,-4.55007
6536.13,-4.55101
6539.06,-4.55195
6541.99,-4.55289
6544.92,-4.55383
6547.85,-4.55478
6550.78,-4.55571
6553.71,-4.55665
6556.64,-4.5576
6559.57,-4.55853
6562.5,-4.55947
6565.43,-4.56041
6568.36,-4.56135
6571.29,-4.56229
6574.22,-4.56323
6577.15,-4.56416
6580.08,-4.5651
6583.01,-4.56603
6585.94,-4.56697
6588.87,-4.56791
6591.8,-4.56884
6594.73,-4.56978
6597.66,-4.57071
6600.59,-4.57164
6603.52,-4.57258
6606.45,-4.57351
6609.38,-4.57444
6612.3,-4.57537
6615.23,-4.57631
6618.16,-4.57724
6621.09,-4.57817
6624.02,-4.5791
6626.95,-4.58003
6629.88,-4.58096
6632.81,-4.58189
6635.74,-4.58282
6638.67,-4.58375
6641.6,-4.58468
6644.53,-4.58561
6647.46,-4.58653
6650.39,-4.58746
6653.32,-4.58839
6656.25,-4.58931
6659.18,-4.59024
6662.11,-4.59117
6665.04,-4.59209
6667.97,-4.59302
6670.9,-4.59394
6673.83,-4.59487
6676.76,-4.59579
6679.69,-4.59671
6682.62,-4.59763
6685.55,-4.59856
6688.48,-4.59948
6691.41,-4.6004
6694.34,-4.60133
6697.27,-4.60224
6700.2,-4.60317
6703.13,-4.60409
6706.05,-4.60501
6708.98,-4.60593
6711.91,-4.60685
6714.84,-4.60777
6717.77,-4.60869
6720.7,-4.6096
6723.63,-4.61052
6726.56,-4.61144
6729.49,-4.61235
6732.42,-4.61327
6735.35,-4.61419
6738.28,-4.6151
6741.21,-4.61602
6744.14,-4.61694
6747.07,-4.61785
6750,-4.61876
6752.93,-4.61968
6755.86,-4.62059
6758.79,-4.62151
6761.72,-4.62242
6764.65,-4.62333
6767.58,-4.62425
6770.51,-4.62516
6773.44,-4.62607
6776.37,-4.62698
6779.3,-4.62789
6782.23,-4.6288
6785.16,-4.62971
6788.09,-4.63062
6791.02,-4.63153
6793.95,-4.63244
6796.88,-4.63335
6799.8,-4.63426
6802.73,-4.63517
6805.66,-4.63607
6808.59,-4.63699
6811.52,-4.63789
6814.45,-4.63879
6817.38,-4.6397
6820.31,-4.64061
6823.24,-4.64152
6826.17,-4.64242
6829.1,-4.64333
6832.03,-4.64423
6834.96,-4.64513
6837.89,-4.64604
6840.82,-4.64694
6843.75,-4.64784
6846.68,-4.64875
6849.61,-4.64965
6852.54,-4.65055
6855.47,-4.65145
6858.4,-4.65236
6861.33,-4.65326
6864.26,-4.65416
6867.19,-4.65506
6870.12,-4.65596
6873.05,-4.65686
6875.98,-4.65775
6878.91,-4.65865
6881.84,-4.65955
6884.77,-4.66045
6887.7,-4.66135
6890.63,-4.66225
6893.55,-4.66315
6896.48,-4.66404
6899.41,-4.66494
6902.34,-4.66583
6905.27,-4.66673
6908.2,-4.66763
6911.13,-4.66852
6914.06,-4.66942
6916.99,-4.67031
6919.92,-4.67121
6922.85,-4.6721
6925.78,-4.67299
6928.71,-4.67389
6931.64,-4.67478
6934.57,-4.67567
6937.5,-4.67656
6940.43,-4.67746
6943.36,-4.67835
6946.29,-4.67924
6949.22,-4.68013
6952.15,-4.68102
6955.08,-4.68191
6958.01,-4.6828
6960.94,-4.68369
6963.87,-4.68458
6966.8,-4.68547
6969.73,-4.68636
6972.66,-4.68725
6975.59,-4.68813
6978.52,-4.68902
6981.45,-4.68991
6984.38,-4.69079
6987.3,-4.69168
6990.23,-4.69257
6993.16,-4.69345
6996.09,-4.69434
6999.02,-4.69522
7001.95,-4.69611
7004.88,-4.69699
7007.81,-4.69788
7010.74,-4.69876
7013.67,-4.69965
7016.6,-4.70053
7019.53,-4.70141
7022.46,-4.7023
7025.39,-4.70318
7028.32,-4.70406
7031.25,-4.70494
7034.18,-4.70582
7037.11,-4.7067
7040.04,-4.70759
7042.97,-4.70846
7045.9,-4.70935
7048.83,-4.71023
7051.76,-4.71111
7054.69,-4.71198
7057.62,-4.71286
7060.55,-4.71374
7063.48,-4.71462
7066.41,-4.7155
7069.34,-4.71638
7072.27,-4.71725
7075.2,-4.71813
7078.13,-4.71901
7081.05,-4.71988
7083.98,-4.72076
7086.91,-4.72163
7089.84,-4.72251
7092.77,-4.72338
7095.7,-4.72426
7098.63,-4.72514
7101.56,-4.72601
7104.49,-4.72688
7107.42,-4.72775
7110.35,-4.72863
7113.28,-4.7295
7116.21,-4.73037
7119.14,-4.73125
7122.07,-4.73211
7125,-4.73299
7127.93,-4.73386
7130.86,-4.73473
7133.79,-4.7356
7136.72,-4.73647
7139.65,-4.73734
7142.58,-4.73821
7145.51,-4.73908
7148.44,-4.73995
7151.37,-4.74082
7154.3,-4.74169
7157.23,-4.74256
7160.16,-4.74343
7163.09,-4.74429
7166.02,-4.74516
7168.95,-4.74603
7171.88,-4.74689
7174.8,-4.74776
7177.73,-4.74863
7180.66,-4.74949
7183.59,-4.75036
7186.52,-4.75122
7189.45,-4.75209
7192.38,-4.75295
7195.31,-4.75382
7198.24,-4.75468
7201.17,-4.75555
7204.1,-4.75641
7207.03,-4.75727
7209.96,-4.75813
7212.89,-4.75899
7215.82,-4.75986
7218.75,-4.76072
7221.68,-4.76158
7224.61,-4.76244
7227.54,-4.7633
7230.47,-4.76416
7233.4,-4.76502
7236.33,-4.76589
7239.26,-4.76675
7242.19,-4.7676
7245.12,-4.76847
7248.05,-4.76933
7250.98,-4.77018
7253.91,-4.77104
7256.84,-4.7719
7259.77,-4.77276
7262.7,-4.77361
7265.63,-4.77447
7268.55,-4.77533
7271.48,-4.77618
7274.41,-4.77704
7277.34,-4.7779
7280.27,-4.77875
7283.2,-4.77961
7286.13,-4.78046
7289.06,-4.78132
7291.99,-4.78217
7294.92,-4.78303
7297.85,-4.78388
7300.78,-4.78474
7303.71,-4.78559
7306.64,-4.78644
7309.57,-4.78729
7312.5,-4.78815
7315.43,-4.789
7318.36,-4.78985
7321.29,-4.7907
7324.22,-4.79156
7327.15,-4.79241
7330.08,-4.79326
7333.01,-4.79411
7335.94,-4.79496
7338.87,-4.7958
7341.8,-4.79666
7344.73,-4.79751
7347.66,-4.79836
7350.59,-4.7992
7353.52,-4.80005
7356.45,-4.8009
7359.38,-4.80175
7362.3,-4.8026
7365.23,-4.80345
7368.16,-4.80429
7371.09,-4.80514
7374.02,-4.80598
7376.95,-4.80683
7379.88,-4.80768
7382.81,-4.80852
7385.74,-4.80937
7388.67,-4.81022
7391.6,-4.81106
7394.53,-4.8119
7397.46,-4.81275
7400.39,-4.81359
7403.32,-4.81444
7406.25,-4.81528
7409.18,-4.81612
7412.11,-4.81697
7415.04,-4.81781
7417.97,-4.81865
7420.9,-4.81949
7423.83,-4.82033
7426.76,-4.82118
7429.69,-4.82202
7432.62,-4.82286
7435.55,-4.8237
7438.48,-4.82454
7441.41,-4.82538
7444.34,-4.82622
7447.27,-4.82706
7450.2,-4.8279
7453.13,-4.82874
7456.05,-4.82958
7458.98,-4.83041
7461.91,-4.83125
7464.84,-4.83209
7467.77,-4.83293
7470.7,-4.83377
7473.63,-4.8346
7476.56,-4.83544
7479.49,-4.83628
7482.42,-4.83711
7485.35,-4.83795
7488.28,-4.83879
7491.21,-4.83962
7494.14,-4.84046
7497.07,-4.8413
7500,-4.84213
7502.93,-4.84296
7505.86,-4.8438
7508.79,-4.84463
7511.72,-4.84547
7514.65,-4.8463
7517.58,-4.84713
7520.51,-4.84797
7523.44,-4.8488
7526.37,-4.84963
7529.3,-4.85046
7532.23,-4.8513
7535.16,-4.85213
7538.09,-4.85296
7541.02,-4.85379
7543.95,-4.85462
7546.88,-4.85545
7549.8,-4.85628
7552.73,-4.85711
7555.66,-4.85794
7558.59,-4.85877
7561.52,-4.8596
7564.45,-4.86043
7567.38,-4.86126
7570.31,-4.86209
7573.24,-4.86292
7576.17,-4.86374
7579.1,-4.86457
7582.03,-4.8654
7584.96,-4.86622
7587.89,-4.86705
7590.82,-4.86788
7593.75,-4.86871
7596.68,-4.86953
7599.61,-4.87036
7602.54,-4.87118
7605.47,-4.87201
7608.4,-4.87283
7611.33,-4.87366
7614.26,-4.87448
7617.19,-4.87531
7620.12,-4.87613
7623.05,-4.87695
7625.98,-4.87778
7628.91,-4.8786
7631.84,-4.87942
7634.77,-4.88025
7637.7,-4.88107
7640.63,-4.88189
7643.55,-4.88271
7646.48,-4.88353
7649.41,-4.88436
7652.34,-4.88518
7655.27,-4.886
7658.2,-4.88682
7661.13,-4.88764
7664.06,-4.88846
7666.99,-4.88928
7669.92,-4.8901
7672.85,-4.89092
7675.78,-4.89174
7678.71,-4.89256
7681.64,-4.89338
7684.57,-4.8942
7687.5,-4.89501
7690.43,-4.89583
7693.36,-4.89665
7696.29,-4.89747
7699.22,-4.89828
7702.15,-4.8991
7705.08,-4.89992
7708.01,-4.90073
7710.94,-4.90155
7713.87,-4.90237
7716.8,-4.90319
7719.73,-4.904
7722.66,-4.90482
7725.59,-4.90563
7728.52,-4.90644
7731.45,-4.90726
7734.38,-4.90807
7737.3,-4.90889
7740.23,-4.9097
7743.16,-4.91052
7746.09,-4.91133
7749.02,-4.91214
7751.95,-4.91296
7754.88,-4.91377
7757.81,-4.91458
7760.74,-4.91539
7763.67,-4.9162
7766.6,-4.91702
7769.53,-4.91783
7772.46,-4.91864
7775.39,-4.91945
7778.32,-4.92026
7781.25,-4.92107
7784.18,-4.92188
7787.11,-4.92269
7790.04,-4.9235
7792.97,-4.92431
7795.9,-4.92512
7798.83,-4.92593
7801.76,-4.92674
7804.69,-4.92755
7807.62,-4.92835
7810.55,-4.92916
7813.48,-4.92997
7816.41,-4.93078
7819.34,-4.93158
7822.27,-4.93239
7825.2,-4.9332
7828.13,-4.934
7831.05,-4.93481
7833.98,-4.93562
7836.91,-4.93642
7839.84,-4.93723
7842.77,-4.93803
7845.7,-4.93884
7848.63,-4.93964
7851.56,-4.94045
7854.49,-4.94126
7857.42,-4.94206
7860.35,-4.94286
7863.28,-4.94367
7866.21,-4.94447
7869.14,-4.94527
7872.07,-4.94608
7875,-4.94688
7877.93,-4.94768
7880.86,-4.94848
7883.79,-4.94929
7886.72,-4.95009
7889.65,-4.95089
7892.58,-4.95169
7895.51,-4.95249
7898.44,-4.95329
7901.37,-4.9541
7904.3,-4.95489
7907.23,-4.95569
7910.16,-4.9565
7913.09,-4.95729
7916.02,-4.95809
7918.95,-4.95889
7921.88,-4.95969
7924.8,-4.96049
7927.73,-4.96129
7930.66,-4.96209
7933.59,-4.96289
7936.52,-4.96369
7939.45,-4.96448
7942.38,-4.96528
7945.31,-4.96608
7948.24,-4.96688
7951.17,-4.96767
7954.1,-4.96847
7957.03,-4.96926
7959.96,-4.97006
7962.89,-4.97086
7965.82,-4.97165
7968.75,-4.97245
7971.68,-4.97324
7974.61,-4.97404
7977.54,-4.97483
7980.47,-4.97563
7983.4,-4.97642
7986.33,-4.97722
7989.26,-4.97801
7992.19,-4.9788
7995.12,-4.9796
7998.05,-4.98039
8000.98,-4.98118
8003.91,-4.98197
8006.84,-4.98277
8009.77,-4.98356
8012.7,-4.98435
8015.63,-4.98514
8018.55,-4.98593
8021.48,-4.98673
8024.41,-4.98752
8027.34,-4.98831
8030.27,-4.9891
8033.2,-4.98989
8036.13,-4.99068
8039.06,-4.99147
8041.99,-4.99226
8044.92,-4.99305
8047.85,-4.99384
8050.78,-4.99463
8053.71,-4.99542
8056.64,-4.9962
8059.57,-4.99699
8062.5,-4.99778
8065.43,-4.99857
8068.36,-4.99936
8071.29,-5.00015
8074.22,-5.00093
8077.15,-5.00172
8080.08,-5.00251
8083.01,-5.00329
8085.94,-5.00408
8088.87,-5.00487
8091.8,-5.00565
8094.73,-5.00644
8097.66,-5.00722
8100.59,-5.00801
8103.52,-5.00879
8106.45,-5.00958
8109.38,-5.01036
8112.3,-5.01115
8115.23,-5.01193
8118.16,-5.01272
8121.09,-5.0135
8124.02,-5.01429
8126.95,-5.01507
8129.88,-5.01585
8132.81,-5.01663
8135.74,-5.01742
8138.67,-5.0182
8141.6,-5.01898
8144.53,-5.01977
8147.46,-5.02054
8150.39,-5.02133
8153.32,-5.02211
8156.25,-5.02289
8159.18,-5.02367
8162.11,-5.02445
8165.04,-5.02523
8167.97,-5.02601
8170.9,-5.02679
8173.83,-5.02757
8176.76,-5.02835
8179.69,-5.02913
8182.62,-5.02991
8185.55,-5.03069
8188.48,-5.03147
8191.41,-5.03225
8194.34,-5.03303
8197.27,-5.03381
8200.2,-5.03458
8203.13,-5.03536
8206.05,-5.03614
8208.98,-5.03692
8211.91,-5.0377
8214.84,-5.03847
8217.77,-5.03925
8220.7,-5.04003
8223.63,-5.0408
8226.56,-5.04158
8229.49,-5.04235
8232.42,-5.04313
8235.35,-5.0439
8238.28,-5.04468
8241.21,-5.04545
8244.14,-5.04623
8247.07,-5.04701
8250,-5.04778
8252.93,-5.04855
8255.86,-5.04933
8258.79,-5.0501
8261.72,-5.05087
8264.65,-5.05165
8267.58,-5.05242
8270.51,-5.0532
8273.44,-5.05397
8276.37,-5.05474
8279.3,-5.05551
8282.23,-5.05629
8285.16,-5.05706
8288.09,-5.05783
8291.02,-5.0586
8293.95,-5.05937
8296.88,-5.06014
8299.8,-5.06091
8302.73,-5.06169
8305.66,-5.06245
8308.59,-5.06322
8311.52,-5.06399
8314.45,-5.06476
8317.38,-5.06553
8320.31,-5.0663
8323.24,-5.06707
8326.17,-5.06784
8329.1,-5.06861
8332.03,-5.06938
8334.96,-5.07015
8337.89,-5.07092
8340.82,-5.07168
8343.75,-5.07245
8346.68,-5.07322
8349.61,-5.07399
8352.54,-5.07475
8355.47,-5.07552
8358.4,-5.07629
8361.33,-5.07705
8364.26,-5.07782
8367.19,-5.07859
8370.12,-5.07935
8373.05,-5.08012
8375.98,-5.08089
8378.91,-5.08165
8381.84,-5.08241
8384.77,-5.08318
8387.7,-5.08395
8390.63,-5.08471
8393.55,-5.08547
8396.48,-5.08624
8399.41,-5.087
8402.34,-5.08777
8405.27,-5.08853
8408.2,-5.08929
8411.13,-5.09006
8414.06,-5.09082
8416.99,-5.09158
8419.92,-5.09235
8422.85,-5.09311
8425.78,-5.09387
8428.71,-5.09463
8431.64,-5.09539
8434.57,-5.09615
8437.5,-5.09691
8440.43,-5.09768
8443.36,-5.09844
8446.29,-5.0992
8449.22,-5.09996
8452.15,-5.10072
8455.08,-5.10148
8458.01,-5.10224
8460.94,-5.103
8463.87,-5.10376
8466.8,-5.10452
8469.73,-5.10528
8472.66,-5.10604
8475.59,-5.1068
8478.52,-5.10756
8481.45,-5.10831
8484.38,-5.10907
8487.3,-5.10983
8490.23,-5.11059
8493.16,-5.11135
8496.09,-5.1121
8499.02,-5.11286
8501.95,-5.11362
8504.88,-5.11437
8507.81,-5.11513
8510.74,-5.11589
8513.67,-5.11664
8516.6,-5.1174
8519.53,-5.11815
8522.46,-5.11891
8525.39,-5.11967
8528.32,-5.12042
8531.25,-5.12118
8534.18,-5.12193
8537.11,-5.12269
8540.04,-5.12344
8542.97,-5.12419
8545.9,-5.12495
8548.83,-5.1257
8551.76,-5.12646
8554.69,-5.12721
8557.62,-5.12796
8560.55,-5.12871
8563.48,-5.12947
8566.41,-5.13022
8569.34,-5.13098
8572.27,-5.13173
8575.2,-5.13248
8578.13,-5.13323
8581.05,-5.13398
8583.98,-5.13473
8586.91,-5.13548
8589.84,-5.13624
8592.77,-5.13699
8595.7,-5.13774
8598.63,-5.13849
8601.56,-5.13924
8604.49,-5.13999
8607.42,-5.14074
8610.35,-5.14149
8613.28,-5.14224
8616.21,-5.14299
8619.14,-5.14374
8622.07,-5.14449
8625,-5.14524
8627.93,-5.14598
8630.86,-5.14673
8633.79,-5.14748
8636.72,-5.14823
8639.65,-5.14898
8642.58,-5.14972
8645.51,-5.15047
8648.44,-5.15122
8651.37,-5.15197
8654.3,-5.15271
8657.23,-5.15346
8660.16,-5.15421
8663.09,-5.15495
8666.02,-5.1557
8668.95,-5.15645
8671.88,-5.15719
8674.8,-5.15794
8677.73,-5.15868
8680.66,-5.15943
8683.59,-5.16017
8686.52,-5.16092
8689.45,-5.16166
8692.38,-5.16241
8695.31,-5.16315
8698.24,-5.1639
8701.17,-5.16464
8704.1,-5.16539
8707.03,-5.16613
8709.96,-5.16687
8712.89,-5.16761
8715.82,-5.16835
8718.75,-5.1691
8721.68,-5.16984
8724.61,-5.17059
8727.54,-5.17133
8730.47,-5.17207
8733.4,-5.17281
8736.33,-5.17355
8739.26,-5.17429
8742.19,-5.17504
8745.12,-5.17578
8748.05,-5.17652
8750.98,-5.17726
8753.91,-5.178
8756.84,-5.17874
8759.77,-5.17948
8762.7,-5.18022
8765.63,-5.18096
8768.55,-5.1817
8771.48,-5.18244
8774.41,-5.18318
8777.34,-5.18392
8780.27,-5.18466
8783.2,-5.1854
8786.13,-5.18613
8789.06,-5.18687
8791.99,-5.18761
8794.92,-5.18835
8797.85,-5.18909
8800.78,-5.18982
8803.71,-5.19056
8806.64,-5.1913
8809.57,-5.19204
8812.5,-5.19277
8815.43,-5.19351
8818.36,-5.19425
8821.29,-5.19498
8824.22,-5.19572
8827.15,-5.19645
8830.08,-5.19719
8833.01,-5.19793
8835.94,-5.19866
8838.87,-5.1994
8841.8,-5.20013
8844.73,-5.20087
8847.66,-5.2016
8850.59,-5.20233
8853.52,-5.20307
8856.45,-5.2038
8859.38,-5.20454
8862.3,-5.20527
8865.23,-5.206
8868.16,-5.20674
8871.09,-5.20747
8874.02,-5.20821
8876.95,-5.20894
8879.88,-5.20967
8882.81,-5.2104
8885.74,-5.21114
8888.67,-5.21187
8891.6,-5.2126
8894.53,-5.21333
8897.46,-5.21406
8900.39,-5.2148
8903.32,-5.21553
8906.25,-5.21626
8909.18,-5.21699
8912.11,-5.21772
8915.04,-5.21845
8917.97,-5.21918
8920.9,-5.21991
8923.83,-5.22064
8926.76,-5.22137
8929.69,-5.2221
8932.62,-5.22283
8935.55,-5.22356
8938.48,-5.22429
8941.41,-5.22502
8944.34,-5.22575
8947.27,-5.22647
8950.2,-5.2272
8953.13,-5.22793
8956.05,-5.22866
8958.98,-5.22939
8961.91,-5.23011
8964.84,-5.23084
8967.77,-5.23157
8970.7,-5.2323
8973.63,-5.23302
8976.56,-5.23375
8979.49,-5.23447
8982.42,-5.2352
8985.35,-5.23593
8988.28,-5.23666
8991.21,-5.23738
8994.14,-5.23811
8997.07,-5.23883
9000,-5.23956
9002.93,-5.24028
9005.86,-5.24101
9008.79,-5.24173
9011.72,-5.24246
9014.65,-5.24319
9017.58,-5.24391
9020.51,-5.24463
9023.44,-5.24536
9026.37,-5.24608
9029.3,-5.2468
9032.23,-5.24752
9035.16,-5.24825
9038.09,-5.24897
9041.02,-5.2497
9043.95,-5.25042
9046.88,-5.25114
9049.8,-5.25186
9052.73,-5.25258
9055.66,-5.25331
9058.59,-5.25403
9061.52,-5.25475
9064.45,-5.25547
9067.38,-5.25619
9070.31,-5.25692
9073.24,-5.25764
9076.17,-5.25836
9079.1,-5.25908
9082.03,-5.2598
9084.96,-5.26052
9087.89,-5.26124
9090.82,-5.26196
9093.75,-5.26268
9096.68,-5.2634
9099.61,-5.26412
9102.54,-5.26483
9105.47,-5.26555
9108.4,-5.26627
9111.33,-5.26699
9114.26,-5.26771
9117.19,-5.26843
9120.12,-5.26915
9123.05,-5.26987
9125.98,-5.27058
9128.91,-5.2713
9131.84,-5.27202
9134.77,-5.27274
9137.7,-5.27345
9140.63,-5.27417
9143.55,-5.27489
9146.48,-5.2756
9149.41,-5.27632
9152.34,-5.27704
9155.27,-5.27775
9158.2,-5.27847
9161.13,-5.27918
9164.06,-5.2799
9166.99,-5.28061
9169.92,-5.28133
9172.85,-5.28204
9175.78,-5.28276
9178.71,-5.28348
9181.64,-5.28419
9184.57,-5.28491
9187.5,-5.28562
9190.43,-5.28633
9193.36,-5.28705
9196.29,-5.28776
9199.22,-5.28847
9202.15,-5.28919
9205.08,-5.2899
9208.01,-5.29061
9210.94,-5.29133
9213.87,-5.29204
9216.8,-5.29275
9219.73,-5.29346
9222.66,-5.29417
9225.59,-5.29489
9228.52,-5.2956
9231.45,-5.29631
9234.38,-5.29702
9237.3,-5.29773
9240.23,-5.29845
9243.16,-5.29916
9246.09,-5.29987
9249.02,-5.30058
9251.95,-5.30129
9254.88,-5.302
9257.81,-5.30271
9260.74,-5.30342
9263.67,-5.30413
9266.6,-5.30484
9269.53,-5.30555
9272.46,-5.30626
9275.39,-5.30697
9278.32,-5.30767
9281.25,-5.30838
9284.18,-5.30909
9287.11,-5.3098
9290.04,-5.31051
9292.97,-5.31122
9295.9,-5.31192
9298.83,-5.31263
9301.76,-5.31334
9304.69,-5.31405
9307.62,-5.31475
9310.55,-5.31546
9313.48,-5.31617
9316.41,-5.31687
9319.34,-5.31758
9322.27,-5.31829
9325.2,-5.31899
9328.13,-5.3197
9331.05,-5.32041
9333.98,-5.32111
9336.91,-5.32182
9339.84,-5.32252
9342.77,-5.32323
9345.7,-5.32393
9348.63,-5.32464
9351.56,-5.32534
9354.49,-5.32605
9357.42,-5.32675
9360.35,-5.32746
9363.28,-5.32816
9366.21,-5.32886
9369.14,-5.32957
9372.07,-5.33027
9375,-5.33098
9377.93,-5.33168
9380.86,-5.33238
9383.79,-5.33308
9386.72,-5.33379
9389.65,-5.33449
9392.58,-5.33519
9395.51,-5.33589
9398.44,-5.3366
9401.37,-5.3373
9404.3,-5.338
9407.23,-5.3387
9410.16,-5.3394
9413.09,-5.34011
9416.02,-5.34081
9418.95,-5.3415
9421.88,-5.34221
9424.8,-5.34291
9427.73,-5.34361
9430.66,-5.34431
9433.59,-5.34501
9436.52,-5.34571
9439.45,-5.34641
9442.38,-5.34711
9445.31,-5.34781
9448.24,-5.3485
9451.17,-5.3492
9454.1,-5.34991
9457.03,-5.3506
9459.96,-5.3513
9462.89,-5.352
9465.82,-5.3527
9468.75,-5.35339
9471.68,-5.35409
9474.61,-5.35479
9477.54,-5.35549
9480.47,-5.35619
9483.4,-5.35688
9486.33,-5.35758
9489.26,-5.35828
9492.19,-5.35897
9495.12,-5.35967
9498.05,-5.36037
9500.98,-5.36106
9503.91,-5.36176
9506.84,-5.36246
9509.77,-5.36315
9512.7,-5.36385
9515.63,-5.36454
9518.55,-5.36524
9521.48,-5.36593
9524.41,-5.36663
9527.34,-5.36732
9530.27,-5.36801
9533.2,-5.36871
9536.13,-5.36941
9539.06,-5.3701
9541.99,-5.37079
9544.92,-5.37149
9547.85,-5.37218
9550.78,-5.37287
9553.71,-5.37357
9556.64,-5.37426
9559.57,-5.37495
9562.5,-5.37565
9565.43,-5.37634
9568.36,-5.37703
9571.29,-5.37772
9574.22,-5.37842
9577.15,-5.37911
9580.08,-5.3798
9583.01,-5.38049
9585.94,-5.38118
9588.87,-5.38187
9591.8,-5.38257
9594.73,-5.38326
9597.66,-5.38395
9600.59,-5.38464
9603.52,-5.38533
9606.45,-5.38602
9609.38,-5.38671
9612.3,-5.3874
9615.23,-5.38809
9618.16,-5.38878
9621.09,-5.38947
9624.02,-5.39016
9626.95,-5.39085
9629.88,-5.39154
9632.81,-5.39222
9635.74,-5.39292
9638.67,-5.3936
9641.6,-5.39429
9644.53,-5.39498
9647.46,-5.39567
9650.39,-5.39636
9653.32,-5.39704
9656.25,-5.39773
9659.18,-5.39842
9662.11,-5.39911
9665.04,-5.39979
9667.97,-5.40048
9670.9,-5.40117
9673.83,-5.40185
9676.76,-5.40254
9679.69,-5.40322
9682.62,-5.40391
9685.55,-5.4046
9688.48,-5.40528
9691.41,-5.40597
9694.34,-5.40666
9697.27,-5.40734
9700.2,-5.40803
9703.13,-5.40871
9706.05,-5.4094
9708.98,-5.41008
9711.91,-5.41077
9714.84,-5.41145
9717.77,-5.41213
9720.7,-5.41282
9723.63,-5.4135
9726.56,-5.41418
9729.49,-5.41487
9732.42,-5.41555
9735.35,-5.41623
9738.28,-5.41692
9741.21,-5.4176
9744.14,-5.41829
9747.07,-5.41897
9750,-5.41965
9752.93,-5.42033
9755.86,-5.42101
9758.79,-5.4217
9761.72,-5.42238
9764.65,-5.42306
9767.58,-5.42374
9770.51,-5.42443
9773.44,-5.4251
9776.37,-5.42578
9779.3,-5.42647
9782.23,-5.42715
9785.16,-5.42783
9788.09,-5.42851
9791.02,-5.42919
9793.95,-5.42987
9796.88,-5.43055
9799.8,-5.43123
9802.73,-5.43191
9805.66,-5.43258
9808.59,-5.43327
9811.52,-5.43394
9814.45,-5.43462
9817.38,-5.4353
9820.31,-5.43598
9823.24,-5.43666
9826.17,-5.43734
9829.1,-5.43802
9832.03,-5.4387
9834.96,-5.43937
9837.89,-5.44005
9840.82,-5.44073
9843.75,-5.4414
9846.68,-5.44208
9849.61,-5.44276
9852.54,-5.44344
9855.47,-5.44411
9858.4,-5.44479
9861.33,-5.44547
9864.26,-5.44614
9867.19,-5.44682
9870.12,-5.44749
9873.05,-5.44817
9875.98,-5.44885
9878.91,-5.44952
9881.84,-5.4502
9884.77,-5.45087
9887.7,-5.45155
9890.63,-5.45222
9893.55,-5.4529
9896.48,-5.45357
9899.41,-5.45425
9902.34,-5.45492
9905.27,-5.45559
9908.2,-5.45627
9911.13,-5.45694
9914.06,-5.45761
9916.99,-5.45829
9919.92,-5.45896
9922.85,-5.45963
9925.78,-5.46031
9928.71,-5.46098
9931.64,-5.46165
9934.57,-5.46233
9937.5,-5.463
9940.43,-5.46367
9943.36,-5.46434
9946.29,-5.46502
9949.22,-5.46569
9952.15,-5.46636
9955.08,-5.46703
9958.01,-5.4677
9960.94,-5.46837
9963.87,-5.46904
9966.8,-5.46971
9969.73,-5.47039
9972.66,-5.47106
9975.59,-5.47173
9978.52,-5.4724
9981.45,-5.47307
9984.38,-5.47374
9987.3,-5.4744
9990.23,-5.47507
9993.16,-5.47575
9996.09,-5.47641
9999.02,-5.47708
10002,-5.47775
10004.9,-5.47842
10007.8,-5.47909
10010.7,-5.47976
10013.7,-5.48042
10016.6,-5.4811
10019.5,-5.48176
10022.5,-5.48243
10025.4,-5.4831
10028.3,-5.48376
10031.3,-5.48443
10034.2,-5.4851
10037.1,-5.48577
10040,-5.48643
10043,-5.4871
10045.9,-5.48776
10048.8,-5.48843
10051.8,-5.4891
10054.7,-5.48976
10057.6,-5.49043
10060.5,-5.4911
10063.5,-5.49176
10066.4,-5.49243
10069.3,-5.49309
10072.3,-5.49376
10075.2,-5.49442
10078.1,-5.49509
10081.1,-5.49575
10084,-5.49642
10086.9,-5.49708
10089.8,-5.49774
10092.8,-5.49841
10095.7,-5.49907
10098.6,-5.49974
10101.6,-5.5004
10104.5,-5.50106
10107.4,-5.50173
10110.4,-5.50239
10113.3,-5.50305
10116.2,-5.50372
10119.1,-5.50438
10122.1,-5.50504
10125,-5.5057
10127.9,-5.50636
10130.9,-5.50703
10133.8,-5.50769
10136.7,-5.50835
10139.6,-5.50901
10142.6,-5.50968
10145.5,-5.51034
10148.4,-5.511
10151.4,-5.51166
10154.3,-5.51232
10157.2,-5.51298
10160.2,-5.51364
10163.1,-5.5143
10166,-5.51496
10168.9,-5.51562
10171.9,-5.51628
10174.8,-5.51694
10177.7,-5.5176
10180.7,-5.51826
10183.6,-5.51892
10186.5,-5.51958
10189.5,-5.52024
10192.4,-5.5209
10195.3,-5.52156
10198.2,-5.52221
10201.2,-5.52287
10204.1,-5.52353
10207,-5.52418
10210,-5.52484
10212.9,-5.5255
10215.8,-5.52616
10218.8,-5.52682
10221.7,-5.52748
10224.6,-5.52813
10227.5,-5.52879
10230.5,-5.52945
10233.4,-5.5301
10236.3,-5.53076
10239.3,-5.53141
10242.2,-5.53207
10245.1,-5.53273
10248,-5.53338
10251,-5.53404
10253.9,-5.53469
10256.8,-5.53535
10259.8,-5.536
10262.7,-5.53666
10265.6,-5.53731
10268.6,-5.53797
10271.5,-5.53863
10274.4,-5.53928
10277.3,-5.53993
10280.3,-5.54059
10283.2,-5.54124
10286.1,-5.5419
10289.1,-5.54255
10292,-5.5432
10294.9,-5.54386
10297.9,-5.54451
10300.8,-5.54516
10303.7,-5.54582
10306.6,-5.54647
10309.6,-5.54712
10312.5,-5.54777
10315.4,-5.54843
10318.4,-5.54908
10321.3,-5.54973
10324.2,-5.55038
10327.1,-5.55103
10330.1,-5.55169
10333,-5.55234
10335.9,-5.55299
10338.9,-5.55364
10341.8,-5.55429
10344.7,-5.55494
10347.7,-5.55559
10350.6,-5.55624
10353.5,-5.55689
10356.4,-5.55754
10359.4,-5.55819
10362.3,-5.55884
10365.2,-5.55949
10368.2,-5.56014
10371.1,-5.56079
10374,-5.56144
10377,-5.56209
10379.9,-5.56274
10382.8,-5.56339
10385.7,-5.56404
10388.7,-5.56468
10391.6,-5.56534
10394.5,-5.56598
10397.5,-5.56663
10400.4,-5.56728
10403.3,-5.56792
10406.3,-5.56857
10409.2,-5.56922
10412.1,-5.56987
10415,-5.57051
10418,-5.57116
10420.9,-5.57181
10423.8,-5.57246
10426.8,-5.5731
10429.7,-5.57375
10432.6,-5.5744
10435.5,-5.57504
10438.5,-5.57569
10441.4,-5.57633
10444.3,-5.57698
10447.3,-5.57762
10450.2,-5.57827
10453.1,-5.57891
10456.1,-5.57956
10459,-5.58021
10461.9,-5.58085
10464.8,-5.5815
10467.8,-5.58214
10470.7,-5.58278
10473.6,-5.58343
10476.6,-5.58407
10479.5,-5.58471
10482.4,-5.58536
10485.4,-5.586
10488.3,-5.58665
10491.2,-5.58728
10494.1,-5.58793
10497.1,-5.58857
10500,-5.58922
10502.9,-5.58986
10505.9,-5.5905
10508.8,-5.59114
10511.7,-5.59178
10514.6,-5.59243
10517.6,-5.59307
10520.5,-5.59372
10523.4,-5.59435
10526.4,-5.59499
10529.3,-5.59564
10532.2,-5.59628
10535.2,-5.59692
10538.1,-5.59756
10541,-5.5982
10543.9,-5.59884
10546.9,-5.59948
10549.8,-5.60012
10552.7,-5.60076
10555.7,-5.6014
10558.6,-5.60204
10561.5,-5.60268
10564.5,-5.60332
10567.4,-5.60396
10570.3,-5.6046
10573.2,-5.60524
10576.2,-5.60587
10579.1,-5.60651
10582,-5.60715
10585,-5.60779
10587.9,-5.60843
10590.8,-5.60907
10593.8,-5.6097
10596.7,-5.61034
10599.6,-5.61098
10602.5,-5.61162
10605.5,-5.61225
10608.4,-5.61289
10611.3,-5.61353
10614.3,-5.61417
10617.2,-5.61481
10620.1,-5.61544
10623,-5.61607
10626,-5.61671
10628.9,-5.61735
10631.8,-5.61798
10634.8,-5.61862
10637.7,-5.61926
10640.6,-5.61989
10643.6,-5.62053
10646.5,-5.62116
10649.4,-5.62179
10652.3,-5.62243
10655.3,-5.62306
10658.2,-5.6237
10661.1,-5.62433
10664.1,-5.62497
10667,-5.6256
10669.9,-5.62624
10672.9,-5.62687
10675.8,-5.6275
10678.7,-5.62814
10681.6,-5.62877
10684.6,-5.62941
10687.5,-5.63004
10690.4,-5.63067
10693.4,-5.63131
10696.3,-5.63193
10699.2,-5.63257
10702.1,-5.6332
10705.1,-5.63383
10708,-5.63446
10710.9,-5.6351
10713.9,-5.63573
10716.8,-5.63636
10719.7,-5.63699
10722.7,-5.63762
10725.6,-5.63825
10728.5,-5.63888
10731.4,-5.63952
10734.4,-5.64015
10737.3,-5.64078
10740.2,-5.64141
10743.2,-5.64204
10746.1,-5.64267
10749,-5.6433
10752,-5.64393
10754.9,-5.64456
10757.8,-5.64519
10760.7,-5.64581
10763.7,-5.64645
10766.6,-5.64707
10769.5,-5.6477
10772.5,-5.64833
10775.4,-5.64896
10778.3,-5.64959
10781.3,-5.65021
10784.2,-5.65084
10787.1,-5.65147
10790,-5.6521
10793,-5.65273
10795.9,-5.65336
10798.8,-5.65398
10801.8,-5.65461
10804.7,-5.65524
10807.6,-5.65586
10810.5,-5.65649
10813.5,-5.65712
10816.4,-5.65774
10819.3,-5.65837
10822.3,-5.659
10825.2,-5.65962
10828.1,-5.66025
10831.1,-5.66087
10834,-5.6615
10836.9,-5.66212
10839.8,-5.66275
10842.8,-5.66338
10845.7,-5.664
10848.6,-5.66463
10851.6,-5.66525
10854.5,-5.66587
10857.4,-5.6665
10860.4,-5.66712
10863.3,-5.66774
10866.2,-5.66837
10869.1,-5.66899
10872.1,-5.66962
10875,-5.67024
10877.9,-5.67086
10880.9,-5.67149
10883.8,-5.67211
10886.7,-5.67273
10889.6,-5.67336
10892.6,-5.67398
10895.5,-5.6746
10898.4,-5.67522
10901.4,-5.67584
10904.3,-5.67646
10907.2,-5.67709
10910.2,-5.67771
10913.1,-5.67833
10916,-5.67895
10918.9,-5.67957
10921.9,-5.68019
10924.8,-5.68082
10927.7,-5.68144
10930.7,-5.68206
10933.6,-5.68268
10936.5,-5.6833
10939.5,-5.68392
10942.4,-5.68454
10945.3,-5.68516
10948.2,-5.68578
10951.2,-5.6864
10954.1,-5.68702
10957,-5.68764
10960,-5.68825
10962.9,-5.68887
10965.8,-5.68949
10968.8,-5.69011
10971.7,-5.69073
10974.6,-5.69135
10977.5,-5.69197
10980.5,-5.69258
10983.4,-5.69321
10986.3,-5.69382
10989.3,-5.69443
10992.2,-5.69506
10995.1,-5.69568
10998,-5.69629
11001,-5.69691
11003.9,-5.69752
11006.8,-5.69814
11009.8,-5.69876
11012.7,-5.69937
11015.6,-5.69999
11018.6,-5.7006
11021.5,-5.70122
11024.4,-5.70184
11027.3,-5.70245
11030.3,-5.70307
11033.2,-5.70368
11036.1,-5.7043
11039.1,-5.70491
11042,-5.70553
11044.9,-5.70614
11047.9,-5.70676
11050.8,-5.70737
11053.7,-5.70799
11056.6,-5.7086
11059.6,-5.70922
11062.5,-5.70983
11065.4,-5.71045
11068.4,-5.71106
11071.3,-5.71167
11074.2,-5.71228
11077.1,-5.7129
11080.1,-5.71351
11083,-5.71412
11085.9,-5.71474
11088.9,-5.71535
11091.8,-5.71596
11094.7,-5.71657
11097.7,-5.71718
11100.6,-5.7178
11103.5,-5.71841
11106.4,-5.71902
11109.4,-5.71963
11112.3,-5.72024
11115.2,-5.72085
11118.2,-5.72146
11121.1,-5.72208
11124,-5.72269
11127,-5.7233
11129.9,-5.72391
11132.8,-5.72452
11135.7,-5.72513
11138.7,-5.72574
11141.6,-5.72635
11144.5,-5.72696
11147.5,-5.72757
11150.4,-5.72817
11153.3,-5.72879
11156.3,-5.72939
11159.2,-5.73
11162.1,-5.73061
11165,-5.73122
11168,-5.73183
11170.9,-5.73244
11173.8,-5.73305
11176.8,-5.73365
11179.7,-5.73426
11182.6,-5.73487
11185.5,-5.73548
11188.5,-5.73608
11191.4,-5.73669
11194.3,-5.7373
11197.3,-5.73791
11200.2,-5.73852
11203.1,-5.73912
11206.1,-5.73973
11209,-5.74033
11211.9,-5.74094
11214.8,-5.74154
11217.8,-5.74215
11220.7,-5.74276
11223.6,-5.74337
11226.6,-5.74397
11229.5,-5.74457
11232.4,-5.74518
11235.4,-5.74578
11238.3,-5.74639
11241.2,-5.74699
11244.1,-5.7476
11247.1,-5.7482
11250,-5.74881
11252.9,-5.74941
11255.9,-5.75002
11258.8,-5.75062
11261.7,-5.75122
11264.6,-5.75183
11267.6,-5.75243
11270.5,-5.75303
11273.4,-5.75364
11276.4,-5.75424
11279.3,-5.75484
11282.2,-5.75544
11285.2,-5.75605
11288.1,-5.75665
11291,-5.75725
11293.9,-5.75786
11296.9,-5.75845
11299.8,-5.75906
11302.7,-5.75966
11305.7,-5.76026
11308.6,-5.76086
11311.5,-5.76147
11314.5,-5.76207
11317.4,-5.76267
11320.3,-5.76327
11323.2,-5.76387
11326.2,-5.76447
11329.1,-5.76507
11332,-5.76567
11335,-5.76626
11337.9,-5.76687
11340.8,-5.76747
11343.8,-5.76807
11346.7,-5.76867
11349.6,-5.76927
11352.5,-5.76986
11355.5,-5.77046
11358.4,-5.77106
11361.3,-5.77166
11364.3,-5.77226
11367.2,-5.77286
11370.1,-5.77346
11373,-5.77405
11376,-5.77465
11378.9,-5.77525
11381.8,-5.77585
11384.8,-5.77644
11387.7,-5.77704
11390.6,-5.77764
11393.6,-5.77824
11396.5,-5.77883
11399.4,-5.77943
11402.3,-5.78003
11405.3,-5.78062
11408.2,-5.78122
11411.1,-5.78181
11414.1,-5.78241
11417,-5.78301
11419.9,-5.7836
11422.9,-5.7842
11425.8,-5.7848
11428.7,-5.78539
11431.6,-5.78598
11434.6,-5.78658
11437.5,-5.78717
11440.4,-5.78777
11443.4,-5.78836
11446.3,-5.78896
11449.2,-5.78955
11452.1,-5.79015
11455.1,-5.79074
11458,-5.79133
11460.9,-5.79192
11463.9,-5.79252
11466.8,-5.79311
11469.7,-5.79371
11472.7,-5.7943
11475.6,-5.79489
11478.5,-5.79549
11481.4,-5.79608
11484.4,-5.79667
11487.3,-5.79726
11490.2,-5.79786
11493.2,-5.79845
11496.1,-5.79904
11499,-5.79963
11502,-5.80022
11504.9,-5.80081
11507.8,-5.8014
11510.7,-5.802
11513.7,-5.80259
11516.6,-5.80318
11519.5,-5.80377
11522.5,-5.80436
11525.4,-5.80495
11528.3,-5.80554
11531.3,-5.80613
11534.2,-5.80672
11537.1,-5.80731
11540,-5.8079
11543,-5.80849
11545.9,-5.80908
11548.8,-5.80967
11551.8,-5.81025
11554.7,-5.81084
11557.6,-5.81143
11560.5,-5.81202
11563.5,-5.81261
11566.4,-5.8132
11569.3,-5.81379
11572.3,-5.81437
11575.2,-5.81496
11578.1,-5.81555
11581.1,-5.81614
11584,-5.81672
11586.9,-5.81731
11589.8,-5.8179
11592.8,-5.81849
11595.7,-5.81907
11598.6,-5.81966
11601.6,-5.82024
11604.5,-5.82083
11607.4,-5.82141
11610.4,-5.822
11613.3,-5.82259
11616.2,-5.82318
11619.1,-5.82376
11622.1,-5.82434
11625,-5.82493
11627.9,-5.82552
11630.9,-5.8261
11633.8,-5.82669
11636.7,-5.82727
11639.6,-5.82786
11642.6,-5.82844
11645.5,-5.82903
11648.4,-5.82961
11651.4,-5.83019
11654.3,-5.83078
11657.2,-5.83136
11660.2,-5.83194
11663.1,-5.83252
11666,-5.83311
11668.9,-5.83369
11671.9,-5.83428
11674.8,-5.83486
11677.7,-5.83544
11680.7,-5.83602
11683.6,-5.83661
11686.5,-5.83719
11689.5,-5.83777
11692.4,-5.83835
11695.3,-5.83893
11698.2,-5.83951
11701.2,-5.84009
11704.1,-5.84068
11707,-5.84126
11710,-5.84184
11712.9,-5.84242
11715.8,-5.843
11718.8,-5.84358
11721.7,-5.84416
11724.6,-5.84474
11727.5,-5.84532
11730.5,-5.8459
11733.4,-5.84648
11736.3,-5.84706
11739.3,-5.84764
11742.2,-5.84822
11745.1,-5.8488
11748,-5.84938
11751,-5.84996
11753.9,-5.85054
11756.8,-5.85111
11759.8,-5.85169
11762.7,-5.85227
11765.6,-5.85285
11768.6,-5.85343
11771.5,-5.854
11774.4,-5.85458
11777.3,-5.85516
11780.3,-5.85574
11783.2,-5.85632
11786.1,-5.85689
11789.1,-5.85747
11792,-5.85804
11794.9,-5.85862
11797.9,-5.8592
11800.8,-5.85978
11803.7,-5.86035
11806.6,-5.86093
11809.6,-5.8615
11812.5,-5.86208
11815.4,-5.86265
11818.4,-5.86323
11821.3,-5.86381
11824.2,-5.86438
11827.1,-5.86495
11830.1,-5.86553
11833,-5.86611
11835.9,-5.86668
11838.9,-5.86725
11841.8,-5.86783
11844.7,-5.8684
11847.7,-5.86897
11850.6,-5.86955
11853.5,-5.87012
11856.4,-5.8707
11859.4,-5.87127
11862.3,-5.87184
11865.2,-5.87242
11868.2,-5.87299
11871.1,-5.87356
11874,-5.87414
11877,-5.87471
11879.9,-5.87528
11882.8,-5.87585
11885.7,-5.87642
11888.7,-5.877
11891.6,-5.87757
11894.5,-5.87814
11897.5,-5.87871
11900.4,-5.87928
11903.3,-5.87986
11906.3,-5.88043
11909.2,-5.88099
11912.1,-5.88157
11915,-5.88214
11918,-5.8827
11920.9,-5.88327
11923.8,-5.88385
11926.8,-5.88442
11929.7,-5.88499
11932.6,-5.88556
11935.5,-5.88612
11938.5,-5.8867
11941.4,-5.88726
11944.3,-5.88784
11947.3,-5.8884
11950.2,-5.88897
11953.1,-5.88954
11956.1,-5.89011
11959,-5.89068
11961.9,-5.89124
11964.8,-5.89181
11967.8,-5.89238
11970.7,-5.89295
11973.6,-5.89351
11976.6,-5.89408
11979.5,-5.89465
11982.4,-5.89522
11985.4,-5.89578
11988.3,-5.89635
11991.2,-5.89692
11994.1,-5.89748
11997.1,-5.89805
12000,-5.89861
12002.9,-5.89919
12005.9,-5.89975
12008.8,-5.90031
12011.7,-5.90088
12014.6,-5.90144
12017.6,-5.90201
12020.5,-5.90258
12023.4,-5.90314
12026.4,-5.90371
12029.3,-5.90427
12032.2,-5.90484
12035.2,-5.9054
12038.1,-5.90596
12041,-5.90652
12043.9,-5.90709
12046.9,-5.90766
12049.8,-5.90822
12052.7,-5.90878
12055.7,-5.90935
12058.6,-5.90991
12061.5,-5.91047
12064.5,-5.91103
12067.4,-5.9116
12070.3,-5.91216
12073.2,-5.91272
12076.2,-5.91329
12079.1,-5.91385
12082,-5.91441
12085,-5.91498
12087.9,-5.91553
12090.8,-5.91609
12093.8,-5.91666
12096.7,-5.91722
12099.6,-5.91778
12102.5,-5.91834
12105.5,-5.9189
12108.4,-5.91946
12111.3,-5.92002
12114.3,-5.92058
12117.2,-5.92114
12120.1,-5.9217
12123,-5.92226
12126,-5.92282
12128.9,-5.92338
12131.8,-5.92394
12134.8,-5.9245
12137.7,-5.92506
12140.6,-5.92562
12143.6,-5.92618
12146.5,-5.92674
12149.4,-5.9273
12152.3,-5.92785
12155.3,-5.92841
12158.2,-5.92897
12161.1,-5.92953
12164.1,-5.93009
12167,-5.93064
12169.9,-5.9312
12172.9,-5.93176
12175.8,-5.93232
12178.7,-5.93287
12181.6,-5.93343
12184.6,-5.93399
12187.5,-5.93454
12190.4,-5.9351
12193.4,-5.93566
12196.3,-5.93621
12199.2,-5.93677
12202.1,-5.93733
12205.1,-5.93788
12208,-5.93843
12210.9,-5.93899
12213.9,-5.93955
12216.8,-5.9401
12219.7,-5.94066
12222.7,-5.94121
12225.6,-5.94177
12228.5,-5.94232
12231.4,-5.94288
12234.4,-5.94343
12237.3,-5.94398
12240.2,-5.94454
12243.2,-5.94509
12246.1,-5.94565
12249,-5.9462
12252,-5.94675
12254.9,-5.9473
12257.8,-5.94786
12260.7,-5.94841
12263.7,-5.94896
12266.6,-5.94952
12269.5,-5.95007
12272.5,-5.95062
12275.4,-5.95117
12278.3,-5.95173
12281.3,-5.95228
12284.2,-5.95283
12287.1,-5.95338
12290,-5.95393
12293,-5.95448
12295.9,-5.95504
12298.8,-5.95559
12301.8,-5.95614
12304.7,-5.95669
12307.6,-5.95724
12310.5,-5.95779
12313.5,-5.95834
12316.4,-5.95889
12319.3,-5.95944
12322.3,-5.95999
12325.2,-5.96054
12328.1,-5.96109
12331.1,-5.96164
12334,-5.96219
12336.9,-5.96274
12339.8,-5.96329
12342.8,-5.96383
12345.7,-5.96438
12348.6,-5.96493
12351.6,-5.96548
12354.5,-5.96603
12357.4,-5.96658
12360.4,-5.96712
12363.3,-5.96767
12366.2,-5.96822
12369.1,-5.96877
12372.1,-5.96931
12375,-5.96986
12377.9,-5.97041
12380.9,-5.97095
12383.8,-5.9715
12386.7,-5.97205
12389.6,-5.97259
12392.6,-5.97314
12395.5,-5.97368
12398.4,-5.97423
12401.4,-5.97478
12404.3,-5.97532
12407.2,-5.97587
12410.2,-5.97642
12413.1,-5.97696
12416,-5.97751
12418.9,-5.97805
12421.9,-5.9786
12424.8,-5.97914
12427.7,-5.97968
12430.7,-5.98023
12433.6,-5.98077
12436.5,-5.98132
12439.5,-5.98186
12442.4,-5.9824
12445.3,-5.98295
12448.2,-5.98349
12451.2,-5.98404
12454.1,-5.98458
12457,-5.98512
12460,-5.98566
12462.9,-5.9862
12465.8,-5.98675
12468.8,-5.98729
12471.7,-5.98783
12474.6,-5.98837
12477.5,-5.98892
12480.5,-5.98946
12483.4,-5.99
12486.3,-5.99054
12489.3,-5.99108
12492.2,-5.99162
12495.1,-5.99216
12498,-5.9927
12501,-5.99324
12503.9,-5.99379
12506.8,-5.99433
12509.8,-5.99487
12512.7,-5.99541
12515.6,-5.99594
12518.6,-5.99649
12521.5,-5.99702
12524.4,-5.99757
12527.3,-5.99811
12530.3,-5.99864
12533.2,-5.99918
12536.1,-5.99972
12539.1,-6.00026
12542,-6.0008
12544.9,-6.00134
12547.9,-6.00188
12550.8,-6.00241
12553.7,-6.00295
12556.6,-6.00349
12559.6,-6.00402
12562.5,-6.00457
12565.4,-6.0051
12568.4,-6.00564
12571.3,-6.00617
12574.2,-6.00671
12577.1,-6.00725
12580.1,-6.00779
12583,-6.00832
12585.9,-6.00886
12588.9,-6.00939
12591.8,-6.00993
12594.7,-6.01047
12597.7,-6.011
12600.6,-6.01154
12603.5,-6.01207
12606.4,-6.01261
12609.4,-6.01314
12612.3,-6.01368
12615.2,-6.01421
12618.2,-6.01475
12621.1,-6.01528
12624,-6.01582
12627,-6.01635
12629.9,-6.01688
12632.8,-6.01742
12635.7,-6.01796
12638.7,-6.01849
12641.6,-6.01902
12644.5,-6.01955
12647.5,-6.02009
12650.4,-6.02062
12653.3,-6.02115
12656.3,-6.02169
12659.2,-6.02222
12662.1,-6.02275
12665,-6.02328
12668,-6.02382
12670.9,-6.02435
12673.8,-6.02488
12676.8,-6.02541
12679.7,-6.02594
12682.6,-6.02647
12685.5,-6.027
12688.5,-6.02754
12691.4,-6.02807
12694.3,-6.0286
12697.3,-6.02913
12700.2,-6.02966
12703.1,-6.03019
12706.1,-6.03072
12709,-6.03125
12711.9,-6.03178
12714.8,-6.03231
12717.8,-6.03284
12720.7,-6.03337
12723.6,-6.0339
12726.6,-6.03443
12729.5,-6.03496
12732.4,-6.03548
12735.4,-6.03601
12738.3,-6.03654
12741.2,-6.03707
12744.1,-6.0376
12747.1,-6.03813
12750,-6.03865
12752.9,-6.03918
12755.9,-6.03971
12758.8,-6.04024
12761.7,-6.04076
12764.6,-6.04129
12767.6,-6.04182
12770.5,-6.04234
12773.4,-6.04287
12776.4,-6.0434
12779.3,-6.04392
12782.2,-6.04445
12785.2,-6.04498
12788.1,-6.0455
12791,-6.04603
12793.9,-6.04655
12796.9,-6.04708
12799.8,-6.04761
12802.7,-6.04813
12805.7,-6.04866
12808.6,-6.04918
12811.5,-6.04971
12814.5,-6.05023
12817.4,-6.05076
12820.3,-6.05128
12823.2,-6.0518
12826.2,-6.05233
12829.1,-6.05285
12832,-6.05338
12835,-6.0539
12837.9,-6.05442
12840.8,-6.05495
12843.8,-6.05547
12846.7,-6.05599
12849.6,-6.05651
12852.5,-6.05704
12855.5,-6.05756
12858.4,-6.05808
12861.3,-6.0586
12864.3,-6.05913
12867.2,-6.05965
12870.1,-6.06017
12873,-6.06069
12876,-6.06121
12878.9,-6.06173
12881.8,-6.06225
12884.8,-6.06278
12887.7,-6.0633
12890.6,-6.06382
12893.6,-6.06434
12896.5,-6.06486
12899.4,-6.06538
12902.3,-6.0659
12905.3,-6.06642
12908.2,-6.06694
12911.1,-6.06746
12914.1,-6.06798
12917,-6.0685
12919.9,-6.06902
12922.9,-6.06953
12925.8,-6.07005
12928.7,-6.07057
12931.6,-6.07109
12934.6,-6.07161
12937.5,-6.07213
12940.4,-6.07265
12943.4,-6.07317
12946.3,-6.07368
12949.2,-6.0742
12952.1,-6.07472
12955.1,-6.07523
12958,-6.07575
12960.9,-6.07627
12963.9,-6.07679
12966.8,-6.0773
12969.7,-6.07782
12972.7,-6.07833
12975.6,-6.07885
12978.5,-6.07937
12981.4,-6.07989
12984.4,-6.0804
12987.3,-6.08092
12990.2,-6.08143
12993.2,-6.08195
12996.1,-6.08246
12999,-6.08298
13002,-6.0835
13004.9,-6.08401
13007.8,-6.08452
13010.7,-6.08504
13013.7,-6.08555
13016.6,-6.08607
13019.5,-6.08658
13022.5,-6.08709
13025.4,-6.08761
13028.3,-6.08812
13031.3,-6.08864
13034.2,-6.08915
13037.1,-6.08966
13040,-6.09017
13043,-6.09069
13045.9,-6.0912
13048.8,-6.09171
13051.8,-6.09223
13054.7,-6.09274
13057.6,-6.09325
13060.5,-6.09376
13063.5,-6.09427
13066.4,-6.09479
13069.3,-6.0953
13072.3,-6.09581
13075.2,-6.09632
13078.1,-6.09683
13081.1,-6.09734
13084,-6.09785
13086.9,-6.09836
13089.8,-6.09888
13092.8,-6.09938
13095.7,-6.09989
13098.6,-6.1004
13101.6,-6.10091
13104.5,-6.10142
13107.4,-6.10193
13110.4,-6.10244
13113.3,-6.10295
13116.2,-6.10346
13119.1,-6.10397
13122.1,-6.10448
13125,-6.10499
13127.9,-6.10549
13130.9,-6.106
13133.8,-6.10651
13136.7,-6.10702
13139.6,-6.10753
13142.6,-6.10804
13145.5,-6.10855
13148.4,-6.10905
13151.4,-6.10956
13154.3,-6.11007
13157.2,-6.11057
13160.2,-6.11108
13163.1,-6.11159
13166,-6.11209
13168.9,-6.1126
13171.9,-6.11311
13174.8,-6.11361
13177.7,-6.11412
13180.7,-6.11462
13183.6,-6.11513
13186.5,-6.11563
13189.5,-6.11614
13192.4,-6.11664
13195.3,-6.11715
13198.2,-6.11765
13201.2,-6.11816
13204.1,-6.11866
13207,-6.11917
13210,-6.11968
13212.9,-6.12018
13215.8,-6.12068
13218.8,-6.12119
13221.7,-6.12169
13224.6,-6.12219
13227.5,-6.12269
13230.5,-6.1232
13233.4,-6.1237
13236.3,-6.12421
13239.3,-6.12471
13242.2,-6.12521
13245.1,-6.12571
13248,-6.12621
13251,-6.12672
13253.9,-6.12722
13256.8,-6.12772
13259.8,-6.12822
13262.7,-6.12872
13265.6,-6.12923
13268.6,-6.12973
13271.5,-6.13023
13274.4,-6.13073
13277.3,-6.13123
13280.3,-6.13173
13283.2,-6.13223
13286.1,-6.13273
13289.1,-6.13323
13292,-6.13373
13294.9,-6.13423
13297.9,-6.13473
13300.8,-6.13523
13303.7,-6.13573
13306.6,-6.13623
13309.6,-6.13673
13312.5,-6.13723
13315.4,-6.13773
13318.4,-6.13823
13321.3,-6.13872
13324.2,-6.13923
13327.1,-6.13972
13330.1,-6.14022
13333,-6.14072
13335.9,-6.14122
13338.9,-6.14171
13341.8,-6.14221
13344.7,-6.14271
13347.7,-6.14321
13350.6,-6.1437
13353.5,-6.1442
13356.4,-6.1447
13359.4,-6.14519
13362.3,-6.14569
13365.2,-6.14619
13368.2,-6.14668
13371.1,-6.14718
13374,-6.14767
13377,-6.14817
13379.9,-6.14866
13382.8,-6.14916
13385.7,-6.14966
13388.7,-6.15015
13391.6,-6.15064
13394.5,-6.15114
13397.5,-6.15164
13400.4,-6.15213
13403.3,-6.15262
13406.3,-6.15312
13409.2,-6.15361
13412.1,-6.15411
13415,-6.1546
13418,-6.15509
13420.9,-6.15559
13423.8,-6.15608
13426.8,-6.15657
13429.7,-6.15706
13432.6,-6.15756
13435.5,-6.15805
13438.5,-6.15854
13441.4,-6.15903
13444.3,-6.15952
13447.3,-6.16002
13450.2,-6.16051
13453.1,-6.161
13456.1,-6.16149
13459,-6.16198
13461.9,-6.16248
13464.8,-6.16297
13467.8,-6.16346
13470.7,-6.16395
13473.6,-6.16444
13476.6,-6.16493
13479.5,-6.16542
13482.4,-6.16591
13485.4,-6.1664
13488.3,-6.16689
13491.2,-6.16738
13494.1,-6.16787
13497.1,-6.16836
13500,-6.16885
13502.9,-6.16934
13505.9,-6.16983
13508.8,-6.17032
13511.7,-6.1708
13514.6,-6.1713
13517.6,-6.17178
13520.5,-6.17227
13523.4,-6.17276
13526.4,-6.17325
13529.3,-6.17373
13532.2,-6.17422
13535.2,-6.17471
13538.1,-6.1752
13541,-6.17568
13543.9,-6.17617
13546.9,-6.17666
13549.8,-6.17714
13552.7,-6.17763
13555.7,-6.17812
13558.6,-6.17861
13561.5,-6.17909
13564.5,-6.17958
13567.4,-6.18006
13570.3,-6.18055
13573.2,-6.18103
13576.2,-6.18152
13579.1,-6.182
13582,-6.18249
13585,-6.18297
13587.9,-6.18346
13590.8,-6.18394
13593.8,-6.18443
13596.7,-6.18491
13599.6,-6.1854
13602.5,-6.18588
13605.5,-6.18636
13608.4,-6.18685
13611.3,-6.18733
13614.3,-6.18782
13617.2,-6.1883
13620.1,-6.18878
13623,-6.18926
13626,-6.18975
13628.9,-6.19023
13631.8,-6.19071
13634.8,-6.1912
13637.7,-6.19168
13640.6,-6.19216
13643.6,-6.19264
13646.5,-6.19312
13649.4,-6.19361
13652.3,-6.19409
13655.3,-6.19457
13658.2,-6.19505
13661.1,-6.19553
13664.1,-6.19601
13667,-6.19649
13669.9,-6.19697
13672.9,-6.19745
13675.8,-6.19793
13678.7,-6.19841
13681.6,-6.19889
13684.6,-6.19937
13687.5,-6.19985
13690.4,-6.20033
13693.4,-6.20081
13696.3,-6.20129
13699.2,-6.20177
13702.1,-6.20225
13705.1,-6.20273
13708,-6.20321
13710.9,-6.20368
13713.9,-6.20416
13716.8,-6.20464
13719.7,-6.20512
13722.7,-6.2056
13725.6,-6.20608
13728.5,-6.20655
13731.4,-6.20703
13734.4,-6.20751
13737.3,-6.20798
13740.2,-6.20846
13743.2,-6.20893
13746.1,-6.20941
13749,-6.20989
13752,-6.21037
13754.9,-6.21084
13757.8,-6.21132
13760.7,-6.21179
13763.7,-6.21227
13766.6,-6.21274
13769.5,-6.21322
13772.5,-6.21369
13775.4,-6.21417
13778.3,-6.21464
13781.3,-6.21512
13784.2,-6.21559
13787.1,-6.21607
13790,-6.21654
13793,-6.21702
13795.9,-6.21749
13798.8,-6.21796
13801.8,-6.21844
13804.7,-6.21891
13807.6,-6.21939
13810.5,-6.21986
13813.5,-6.22033
13816.4,-6.22081
13819.3,-6.22128
13822.3,-6.22175
13825.2,-6.22222
13828.1,-6.2227
13831.1,-6.22317
13834,-6.22364
13836.9,-6.22411
13839.8,-6.22458
13842.8,-6.22505
13845.7,-6.22553
13848.6,-6.226
13851.6,-6.22647
13854.5,-6.22694
13857.4,-6.22741
13860.4,-6.22788
13863.3,-6.22835
13866.2,-6.22882
13869.1,-6.22929
13872.1,-6.22976
13875,-6.23023
13877.9,-6.2307
13880.9,-6.23117
13883.8,-6.23164
13886.7,-6.23211
13889.6,-6.23258
13892.6,-6.23305
13895.5,-6.23352
13898.4,-6.23398
13901.4,-6.23445
13904.3,-6.23492
13907.2,-6.23539
13910.2,-6.23586
13913.1,-6.23633
13916,-6.23679
13918.9,-6.23726
13921.9,-6.23773
13924.8,-6.2382
13927.7,-6.23867
13930.7,-6.23913
13933.6,-6.2396
13936.5,-6.24007
13939.5,-6.24053
13942.4,-6.241
13945.3,-6.24146
13948.2,-6.24193
13951.2,-6.2424
13954.1,-6.24286
13957,-6.24333
13960,-6.2438
13962.9,-6.24426
13965.8,-6.24472
13968.8,-6.24519
13971.7,-6.24565
13974.6,-6.24612
13977.5,-6.24658
13980.5,-6.24705
13983.4,-6.24751
13986.3,-6.24797
13989.3,-6.24844
13992.2,-6.2489
13995.1,-6.24937
13998,-6.24983
14001,-6.2503
14003.9,-6.25076
14006.8,-6.25122
14009.8,-6.25168
14012.7,-6.25215
14015.6,-6.25261
14018.6,-6.25307
14021.5,-6.25354
14024.4,-6.254
14027.3,-6.25446
14030.3,-6.25492
14033.2,-6.25538
14036.1,-6.25584
14039.1,-6.25631
14042,-6.25677
14044.9,-6.25723
14047.9,-6.25769
14050.8,-6.25815
14053.7,-6.25861
14056.6,-6.25907
14059.6,-6.25953
14062.5,-6.25999
14065.4,-6.26045
14068.4,-6.26091
14071.3,-6.26137
14074.2,-6.26183
14077.1,-6.26229
14080.1,-6.26275
14083,-6.26321
14085.9,-6.26367
14088.9,-6.26412
14091.8,-6.26458
14094.7,-6.26504
14097.7,-6.2655
14100.6,-6.26596
14103.5,-6.26642
14106.4,-6.26688
14109.4,-6.26733
14112.3,-6.26779
14115.2,-6.26825
14118.2,-6.2687
14121.1,-6.26916
14124,-6.26962
14127,-6.27008
14129.9,-6.27053
14132.8,-6.27099
14135.7,-6.27145
14138.7,-6.2719
14141.6,-6.27236
14144.5,-6.27281
14147.5,-6.27327
14150.4,-6.27372
14153.3,-6.27418
14156.3,-6.27464
14159.2,-6.27509
14162.1,-6.27555
14165,-6.276
14168,-6.27646
14170.9,-6.27691
14173.8,-6.27737
14176.8,-6.27782
14179.7,-6.27827
14182.6,-6.27873
14185.5,-6.27918
14188.5,-6.27964
14191.4,-6.28009
14194.3,-6.28054
14197.3,-6.281
14200.2,-6.28145
14203.1,-6.2819
14206.1,-6.28235
14209,-6.2828
14211.9,-6.28326
14214.8,-6.28371
14217.8,-6.28416
14220.7,-6.28462
14223.6,-6.28507
14226.6,-6.28552
14229.5,-6.28597
14232.4,-6.28642
14235.4,-6.28687
14238.3,-6.28732
14241.2,-6.28777
14244.1,-6.28823
14247.1,-6.28868
14250,-6.28913
14252.9,-6.28958
14255.9,-6.29003
14258.8,-6.29048
14261.7,-6.29093
14264.6,-6.29138
14267.6,-6.29183
14270.5,-6.29228
14273.4,-6.29272
14276.4,-6.29317
14279.3,-6.29362
14282.2,-6.29407
14285.2,-6.29452
14288.1,-6.29497
14291,-6.29541
14293.9,-6.29586
14296.9,-6.29632
14299.8,-6.29676
14302.7,-6.29721
14305.7,-6.29766
14308.6,-6.2981
14311.5,-6.29855
14314.5,-6.299
14317.4,-6.29945
14320.3,-6.29989
14323.2,-6.30034
14326.2,-6.30079
14329.1,-6.30123
14332,-6.30168
14335,-6.30212
14337.9,-6.30257
14340.8,-6.30301
14343.8,-6.30346
14346.7,-6.3039
14349.6,-6.30435
14352.5,-6.3048
14355.5,-6.30524
14358.4,-6.30569
14361.3,-6.30613
14364.3,-6.30658
14367.2,-6.30702
14370.1,-6.30746
14373,-6.30791
14376,-6.30835
14378.9,-6.3088
14381.8,-6.30924
14384.8,-6.30968
14387.7,-6.31013
14390.6,-6.31057
14393.6,-6.31101
14396.5,-6.31145
14399.4,-6.3119
14402.3,-6.31234
14405.3,-6.31278
14408.2,-6.31322
14411.1,-6.31366
14414.1,-6.31411
14417,-6.31455
14419.9,-6.31499
14422.9,-6.31543
14425.8,-6.31587
14428.7,-6.31632
14431.6,-6.31676
14434.6,-6.3172
14437.5,-6.31764
14440.4,-6.31808
14443.4,-6.31852
14446.3,-6.31896
14449.2,-6.3194
14452.1,-6.31984
14455.1,-6.32028
14458,-6.32072
14460.9,-6.32116
14463.9,-6.3216
14466.8,-6.32203
14469.7,-6.32247
14472.7,-6.32292
14475.6,-6.32335
14478.5,-6.32379
14481.4,-6.32423
14484.4,-6.32467
14487.3,-6.3251
14490.2,-6.32555
14493.2,-6.32598
14496.1,-6.32642
14499,-6.32686
14502,-6.3273
14504.9,-6.32773
14507.8,-6.32817
14510.7,-6.32861
14513.7,-6.32904
14516.6,-6.32948
14519.5,-6.32992
14522.5,-6.33035
14525.4,-6.33079
14528.3,-6.33122
14531.3,-6.33166
14534.2,-6.3321
14537.1,-6.33253
14540,-6.33297
14543,-6.3334
14545.9,-6.33384
14548.8,-6.33427
14551.8,-6.33471
14554.7,-6.33514
14557.6,-6.33558
14560.5,-6.33601
14563.5,-6.33644
14566.4,-6.33688
14569.3,-6.33731
14572.3,-6.33775
14575.2,-6.33818
14578.1,-6.33861
14581.1,-6.33905
14584,-6.33948
14586.9,-6.33991
14589.8,-6.34035
14592.8,-6.34078
14595.7,-6.34121
14598.6,-6.34164
14601.6,-6.34208
14604.5,-6.34251
14607.4,-6.34294
14610.4,-6.34337
14613.3,-6.3438
14616.2,-6.34424
14619.1,-6.34467
14622.1,-6.3451
14625,-6.34553
14627.9,-6.34596
14630.9,-6.34639
14633.8,-6.34682
14636.7,-6.34725
14639.6,-6.34768
14642.6,-6.34811
14645.5,-6.34854
14648.4,-6.34897
14651.4,-6.3494
14654.3,-6.34983
14657.2,-6.35026
14660.2,-6.35069
14663.1,-6.35112
14666,-6.35155
14668.9,-6.35197
14671.9,-6.3524
14674.8,-6.35283
14677.7,-6.35326
14680.7,-6.35369
14683.6,-6.35411
14686.5,-6.35454
14689.5,-6.35497
14692.4,-6.3554
14695.3,-6.35583
14698.2,-6.35625
14701.2,-6.35668
14704.1,-6.35711
14707,-6.35753
14710,-6.35796
14712.9,-6.35839
14715.8,-6.35881
14718.8,-6.35924
14721.7,-6.35966
14724.6,-6.36009
14727.5,-6.36051
14730.5,-6.36094
14733.4,-6.36137
14736.3,-6.36179
14739.3,-6.36222
14742.2,-6.36264
14745.1,-6.36307
14748,-6.36349
14751,-6.36392
14753.9,-6.36434
14756.8,-6.36476
14759.8,-6.36519
14762.7,-6.36561
14765.6,-6.36604
14768.6,-6.36646
14771.5,-6.36688
14774.4,-6.36731
14777.3,-6.36773
14780.3,-6.36815
14783.2,-6.36857
14786.1,-6.36899
14789.1,-6.36942
14792,-6.36984
14794.9,-6.37026
14797.9,-6.37069
14800.8,-6.37111
14803.7,-6.37153
14806.6,-6.37195
14809.6,-6.37237
14812.5,-6.37279
14815.4,-6.37321
14818.4,-6.37363
14821.3,-6.37405
14824.2,-6.37448
14827.1,-6.3749
14830.1,-6.37532
14833,-6.37574
14835.9,-6.37616
14838.9,-6.37658
14841.8,-6.377
14844.7,-6.37742
14847.7,-6.37783
14850.6,-6.37826
14853.5,-6.37867
14856.4,-6.37909
14859.4,-6.37951
14862.3,-6.37993
14865.2,-6.38035
14868.2,-6.38077
14871.1,-6.38119
14874,-6.3816
14877,-6.38202
14879.9,-6.38244
14882.8,-6.38286
14885.7,-6.38328
14888.7,-6.38369
14891.6,-6.38411
14894.5,-6.38453
14897.5,-6.38494
14900.4,-6.38536
14903.3,-6.38578
14906.3,-6.38619
14909.2,-6.38661
14912.1,-6.38702
14915,-6.38744
14918,-6.38785
14920.9,-6.38827
14923.8,-6.38869
14926.8,-6.3891
14929.7,-6.38952
14932.6,-6.38993
14935.5,-6.39035
14938.5,-6.39076
14941.4,-6.39118
14944.3,-6.39159
14947.3,-6.39201
14950.2,-6.39242
14953.1,-6.39283
14956.1,-6.39325
14959,-6.39366
14961.9,-6.39407
14964.8,-6.39449
14967.8,-6.3949
14970.7,-6.39531
14973.6,-6.39573
14976.6,-6.39614
14979.5,-6.39655
14982.4,-6.39696
14985.4,-6.39738
14988.3,-6.39779
14991.2,-6.3982
14994.1,-6.39861
14997.1,-6.39902
15000,-6.39944
15002.9,-6.39985
15005.9,-6.40026
15008.8,-6.40067
15011.7,-6.40108
15014.6,-6.40149
15017.6,-6.4019
15020.5,-6.40231
15023.4,-6.40272
15026.4,-6.40313
15029.3,-6.40354
15032.2,-6.40395
15035.2,-6.40436
15038.1,-6.40477
15041,-6.40518
15043.9,-6.40559
15046.9,-6.406
15049.8,-6.40641
15052.7,-6.40682
15055.7,-6.40722
15058.6,-6.40763
15061.5,-6.40804
15064.5,-6.40845
15067.4,-6.40886
15070.3,-6.40927
15073.2,-6.40967
15076.2,-6.41008
15079.1,-6.41049
15082,-6.4109
15085,-6.4113
15087.9,-6.41171
15090.8,-6.41212
15093.8,-6.41252
15096.7,-6.41293
15099.6,-6.41334
15102.5,-6.41374
15105.5,-6.41415
15108.4,-6.41456
15111.3,-6.41496
15114.3,-6.41537
15117.2,-6.41577
15120.1,-6.41618
15123,-6.41658
15126,-6.41699
15128.9,-6.41739
15131.8,-6.4178
15134.8,-6.4182
15137.7,-6.4186
15140.6,-6.41901
15143.6,-6.41941
15146.5,-6.41982
15149.4,-6.42022
15152.3,-6.42062
15155.3,-6.42103
15158.2,-6.42143
15161.1,-6.42183
15164.1,-6.42224
15167,-6.42264
15169.9,-6.42304
15172.9,-6.42344
15175.8,-6.42385
15178.7,-6.42425
15181.6,-6.42465
15184.6,-6.42505
15187.5,-6.42546
15190.4,-6.42586
15193.4,-6.42626
15196.3,-6.42666
15199.2,-6.42706
15202.1,-6.42746
15205.1,-6.42786
15208,-6.42826
15210.9,-6.42866
15213.9,-6.42906
15216.8,-6.42947
15219.7,-6.42986
15222.7,-6.43026
15225.6,-6.43066
15228.5,-6.43106
15231.4,-6.43146
15234.4,-6.43186
15237.3,-6.43226
15240.2,-6.43266
15243.2,-6.43306
15246.1,-6.43346
15249,-6.43386
15252,-6.43426
15254.9,-6.43465
15257.8,-6.43505
15260.7,-6.43545
15263.7,-6.43585
15266.6,-6.43625
15269.5,-6.43664
15272.5,-6.43704
15275.4,-6.43744
15278.3,-6.43784
15281.3,-6.43823
15284.2,-6.43863
15287.1,-6.43902
15290,-6.43942
15293,-6.43982
15295.9,-6.44021
15298.8,-6.44061
15301.8,-6.44101
15304.7,-6.4414
15307.6,-6.4418
15310.5,-6.44219
15313.5,-6.44259
15316.4,-6.44298
15319.3,-6.44338
15322.3,-6.44377
15325.2,-6.44417
15328.1,-6.44456
15331.1,-6.44495
15334,-6.44535
15336.9,-6.44574
15339.8,-6.44614
15342.8,-6.44653
15345.7,-6.44692
15348.6,-6.44732
15351.6,-6.44771
15354.5,-6.4481
15357.4,-6.4485
15360.4,-6.44889
15363.3,-6.44928
15366.2,-6.44968
15369.1,-6.45007
15372.1,-6.45046
15375,-6.45085
15377.9,-6.45124
15380.9,-6.45164
15383.8,-6.45203
15386.7,-6.45242
15389.6,-6.45281
15392.6,-6.45321
15395.5,-6.45359
15398.4,-6.45398
15401.4,-6.45437
15404.3,-6.45476
15407.2,-6.45515
15410.2,-6.45555
15413.1,-6.45594
15416,-6.45633
15418.9,-6.45672
15421.9,-6.4571
15424.8,-6.45749
15427.7,-6.45788
15430.7,-6.45827
15433.6,-6.45866
15436.5,-6.45905
15439.5,-6.45944
15442.4,-6.45983
15445.3,-6.46022
15448.2,-6.46061
15451.2,-6.46099
15454.1,-6.46138
15457,-6.46177
15460,-6.46215
15462.9,-6.46254
15465.8,-6.46293
15468.8,-6.46332
15471.7,-6.46371
15474.6,-6.46409
15477.5,-6.46448
15480.5,-6.46487
15483.4,-6.46525
15486.3,-6.46564
15489.3,-6.46602
15492.2,-6.46641
15495.1,-6.4668
15498,-6.46718
15501,-6.46757
15503.9,-6.46795
15506.8,-6.46834
15509.8,-6.46872
15512.7,-6.46911
15515.6,-6.46949
15518.6,-6.46988
15521.5,-6.47026
15524.4,-6.47065
15527.3,-6.47103
15530.3,-6.47142
15533.2,-6.4718
15536.1,-6.47218
15539.1,-6.47257
15542,-6.47295
15544.9,-6.47333
15547.9,-6.47372
15550.8,-6.4741
15553.7,-6.47448
15556.6,-6.47486
15559.6,-6.47525
15562.5,-6.47563
15565.4,-6.47601
15568.4,-6.47639
15571.3,-6.47678
15574.2,-6.47716
15577.1,-6.47754
15580.1,-6.47792
15583,-6.4783
15585.9,-6.47869
15588.9,-6.47906
15591.8,-6.47945
15594.7,-6.47983
15597.7,-6.48021
15600.6,-6.48059
15603.5,-6.48097
15606.4,-6.48135
15609.4,-6.48173
15612.3,-6.4821
15615.2,-6.48249
15618.2,-6.48287
15621.1,-6.48324
15624,-6.48363
15627,-6.484
15629.9,-6.48438
15632.8,-6.48476
15635.7,-6.48514
15638.7,-6.48552
15641.6,-6.4859
15644.5,-6.48627
15647.5,-6.48666
15650.4,-6.48703
15653.3,-6.48741
15656.3,-6.48778
15659.2,-6.48816
15662.1,-6.48854
15665,-6.48891
15668,-6.48929
15670.9,-6.48967
15673.8,-6.49005
15676.8,-6.49042
15679.7,-6.4908
15682.6,-6.49118
15685.5,-6.49155
15688.5,-6.49193
15691.4,-6.4923
15694.3,-6.49268
15697.3,-6.49306
15700.2,-6.49343
15703.1,-6.49381
15706.1,-6.49418
15709,-6.49455
15711.9,-6.49493
15714.8,-6.49531
15717.8,-6.49568
15720.7,-6.49605
15723.6,-6.49642
15726.6,-6.4968
15729.5,-6.49718
15732.4,-6.49755
15735.4,-6.49792
15738.3,-6.4983
15741.2,-6.49867
15744.1,-6.49904
15747.1,-6.49941
15750,-6.49979
15752.9,-6.50016
15755.9,-6.50054
15758.8,-6.5009
15761.7,-6.50128
15764.6,-6.50165
15767.6,-6.50202
15770.5,-6.50239
15773.4,-6.50276
15776.4,-6.50314
15779.3,-6.50351
15782.2,-6.50388
15785.2,-6.50425
15788.1,-6.50462
15791,-6.50499
15793.9,-6.50536
15796.9,-6.50573
15799.8,-6.5061
15802.7,-6.50647
15805.7,-6.50684
15808.6,-6.50721
15811.5,-6.50758
15814.5,-6.50795
15817.4,-6.50832
15820.3,-6.50869
15823.2,-6.50906
15826.2,-6.50943
15829.1,-6.50979
15832,-6.51016
15835,-6.51053
15837.9,-6.5109
15840.8,-6.51127
15843.8,-6.51163
15846.7,-6.512
15849.6,-6.51237
15852.5,-6.51274
15855.5,-6.5131
15858.4,-6.51347
15861.3,-6.51384
15864.3,-6.5142
15867.2,-6.51457
15870.1,-6.51494
15873,-6.5153
15876,-6.51567
15878.9,-6.51604
15881.8,-6.5164
15884.8,-6.51677
15887.7,-6.51714
15890.6,-6.5175
15893.6,-6.51786
15896.5,-6.51823
15899.4,-6.5186
15902.3,-6.51896
15905.3,-6.51933
15908.2,-6.51969
15911.1,-6.52005
15914.1,-6.52042
15917,-6.52078
15919.9,-6.52115
15922.9,-6.52151
15925.8,-6.52187
15928.7,-6.52224
15931.6,-6.5226
15934.6,-6.52296
15937.5,-6.52333
15940.4,-6.52369
15943.4,-6.52405
15946.3,-6.52441
15949.2,-6.52478
15952.1,-6.52514
15955.1,-6.5255
15958,-6.52587
15960.9,-6.52623
15963.9,-6.52659
15966.8,-6.52695
15969.7,-6.52731
15972.7,-6.52767
15975.6,-6.52803
15978.5,-6.52839
15981.4,-6.52876
15984.4,-6.52912
15987.3,-6.52948
15990.2,-6.52984
15993.2,-6.5302
15996.1,-6.53056
15999,-6.53092
16002,-6.53128
16004.9,-6.53164
16007.8,-6.532
16010.7,-6.53236
16013.7,-6.53271
16016.6,-6.53307
16019.5,-6.53343
16022.5,-6.53379
16025.4,-6.53415
16028.3,-6.53451
16031.3,-6.53487
16034.2,-6.53522
16037.1,-6.53558
16040,-6.53594
16043,-6.5363
16045.9,-6.53665
16048.8,-6.53701
16051.8,-6.53737
16054.7,-6.53773
16057.6,-6.53808
16060.5,-6.53844
16063.5,-6.5388
16066.4,-6.53915
16069.3,-6.53951
16072.3,-6.53987
16075.2,-6.54022
16078.1,-6.54058
16081.1,-6.54093
16084,-6.54129
16086.9,-6.54164
16089.8,-6.542
16092.8,-6.54235
16095.7,-6.54271
16098.6,-6.54306
16101.6,-6.54342
16104.5,-6.54377
16107.4,-6.54413
16110.4,-6.54448
16113.3,-6.54484
16116.2,-6.54519
16119.1,-6.54555
16122.1,-6.5459
16125,-6.54625
16127.9,-6.5466
16130.9,-6.54696
16133.8,-6.54731
16136.7,-6.54766
16139.6,-6.54802
16142.6,-6.54837
16145.5,-6.54872
16148.4,-6.54907
16151.4,-6.54943
16154.3,-6.54978
16157.2,-6.55013
16160.2,-6.55048
16163.1,-6.55083
16166,-6.55118
16168.9,-6.55154
16171.9,-6.55189
16174.8,-6.55224
16177.7,-6.55259
16180.7,-6.55294
16183.6,-6.55329
16186.5,-6.55364
16189.5,-6.55399
16192.4,-6.55434
16195.3,-6.55469
16198.2,-6.55504
16201.2,-6.55539
16204.1,-6.55574
16207,-6.55609
16210,-6.55644
16212.9,-6.55679
16215.8,-6.55714
16218.8,-6.55748
16221.7,-6.55783
16224.6,-6.55818
16227.5,-6.55853
16230.5,-6.55888
16233.4,-6.55922
16236.3,-6.55957
16239.3,-6.55992
16242.2,-6.56027
16245.1,-6.56062
16248,-6.56096
16251,-6.56131
16253.9,-6.56166
16256.8,-6.562
16259.8,-6.56235
16262.7,-6.5627
16265.6,-6.56304
16268.6,-6.56339
16271.5,-6.56373
16274.4,-6.56408
16277.3,-6.56442
16280.3,-6.56477
16283.2,-6.56512
16286.1,-6.56546
16289.1,-6.56581
16292,-6.56615
16294.9,-6.5665
16297.9,-6.56684
16300.8,-6.56719
16303.7,-6.56753
16306.6,-6.56787
16309.6,-6.56822
16312.5,-6.56856
16315.4,-6.56891
16318.4,-6.56925
16321.3,-6.5696
16324.2,-6.56994
16327.1,-6.57028
16330.1,-6.57062
16333,-6.57096
16335.9,-6.57131
16338.9,-6.57165
16341.8,-6.57199
16344.7,-6.57233
16347.7,-6.57268
16350.6,-6.57302
16353.5,-6.57336
16356.4,-6.5737
16359.4,-6.57404
16362.3,-6.57439
16365.2,-6.57473
16368.2,-6.57507
16371.1,-6.57541
16374,-6.57575
16377,-6.57609
16379.9,-6.57643
16382.8,-6.57677
16385.7,-6.57711
16388.7,-6.57745
16391.6,-6.57779
16394.5,-6.57813
16397.5,-6.57847
16400.4,-6.57881
16403.3,-6.57915
16406.3,-6.57949
16409.2,-6.57983
16412.1,-6.58017
16415,-6.5805
16418,-6.58084
16420.9,-6.58118
16423.8,-6.58152
16426.8,-6.58186
16429.7,-6.5822
16432.6,-6.58253
16435.5,-6.58287
16438.5,-6.58321
16441.4,-6.58354
16444.3,-6.58388
16447.3,-6.58422
16450.2,-6.58456
16453.1,-6.58489
16456.1,-6.58523
16459,-6.58557
16461.9,-6.5859
16464.8,-6.58624
16467.8,-6.58657
16470.7,-6.58691
16473.6,-6.58725
16476.6,-6.58758
16479.5,-6.58792
16482.4,-6.58825
16485.4,-6.58859
16488.3,-6.58892
16491.2,-6.58926
16494.1,-6.58959
16497.1,-6.58993
16500,-6.59026
16502.9,-6.59059
16505.9,-6.59093
16508.8,-6.59126
16511.7,-6.5916
16514.6,-6.59193
16517.6,-6.59226
16520.5,-6.5926
16523.4,-6.59293
16526.4,-6.59326
16529.3,-6.5936
16532.2,-6.59393
16535.2,-6.59426
16538.1,-6.59459
16541,-6.59493
16543.9,-6.59526
16546.9,-6.59559
16549.8,-6.59592
16552.7,-6.59625
16555.7,-6.59659
16558.6,-6.59692
16561.5,-6.59725
16564.5,-6.59758
16567.4,-6.59791
16570.3,-6.59824
16573.2,-6.59857
16576.2,-6.5989
16579.1,-6.59923
16582,-6.59956
16585,-6.59989
16587.9,-6.60022
16590.8,-6.60055
16593.8,-6.60088
16596.7,-6.60121
16599.6,-6.60154
16602.5,-6.60187
16605.5,-6.6022
16608.4,-6.60253
16611.3,-6.60286
16614.3,-6.60318
16617.2,-6.60352
16620.1,-6.60384
16623,-6.60417
16626,-6.6045
16628.9,-6.60483
16631.8,-6.60515
16634.8,-6.60548
16637.7,-6.60581
16640.6,-6.60613
16643.6,-6.60646
16646.5,-6.60679
16649.4,-6.60712
16652.3,-6.60744
16655.3,-6.60777
16658.2,-6.6081
16661.1,-6.60842
16664.1,-6.60875
16667,-6.60908
16669.9,-6.6094
16672.9,-6.60972
16675.8,-6.61005
16678.7,-6.61038
16681.6,-6.6107
16684.6,-6.61103
16687.5,-6.61135
16690.4,-6.61168
16693.4,-6.612
16696.3,-6.61232
16699.2,-6.61265
16702.1,-6.61297
16705.1,-6.6133
16708,-6.61362
16710.9,-6.61394
16713.9,-6.61427
16716.8,-6.61459
16719.7,-6.61491
16722.7,-6.61524
16725.6,-6.61556
16728.5,-6.61588
16731.4,-6.61621
16734.4,-6.61653
16737.3,-6.61685
16740.2,-6.61717
16743.2,-6.61749
16746.1,-6.61782
16749,-6.61814
16752,-6.61846
16754.9,-6.61878
16757.8,-6.61911
16760.7,-6.61943
16763.7,-6.61975
16766.6,-6.62007
16769.5,-6.62039
16772.5,-6.62071
16775.4,-6.62103
16778.3,-6.62135
16781.3,-6.62167
16784.2,-6.62199
16787.1,-6.62231
16790,-6.62263
16793,-6.62295
16795.9,-6.62327
16798.8,-6.62359
16801.8,-6.62391
16804.7,-6.62423
16807.6,-6.62455
16810.5,-6.62486
16813.5,-6.62518
16816.4,-6.6255
16819.3,-6.62582
16822.3,-6.62614
16825.2,-6.62646
16828.1,-6.62677
16831.1,-6.62709
16834,-6.62741
16836.9,-6.62773
16839.8,-6.62804
16842.8,-6.62836
16845.7,-6.62868
16848.6,-6.62899
16851.6,-6.62931
16854.5,-6.62962
16857.4,-6.62994
16860.4,-6.63026
16863.3,-6.63058
16866.2,-6.63089
16869.1,-6.63121
16872.1,-6.63152
16875,-6.63184
16877.9,-6.63215
16880.9,-6.63247
16883.8,-6.63278
16886.7,-6.6331
16889.6,-6.63341
16892.6,-6.63373
16895.5,-6.63404
16898.4,-6.63436
16901.4,-6.63467
16904.3,-6.63498
16907.2,-6.63529
16910.2,-6.63561
16913.1,-6.63593
16916,-6.63624
16918.9,-6.63655
16921.9,-6.63687
16924.8,-6.63718
16927.7,-6.63749
16930.7,-6.6378
16933.6,-6.63812
16936.5,-6.63843
16939.5,-6.63874
16942.4,-6.63905
16945.3,-6.63936
16948.2,-6.63968
16951.2,-6.63999
16954.1,-6.6403
16957,-6.64061
16960,-6.64092
16962.9,-6.64123
16965.8,-6.64154
16968.8,-6.64185
16971.7,-6.64217
16974.6,-6.64248
16977.5,-6.64279
16980.5,-6.6431
16983.4,-6.64341
16986.3,-6.64372
16989.3,-6.64402
16992.2,-6.64434
16995.1,-6.64464
16998,-6.64496
17001,-6.64526
17003.9,-6.64557
17006.8,-6.64588
17009.8,-6.64619
17012.7,-6.6465
17015.6,-6.64681
17018.6,-6.64711
17021.5,-6.64742
17024.4,-6.64773
17027.3,-6.64804
17030.3,-6.64835
17033.2,-6.64865
17036.1,-6.64896
17039.1,-6.64927
17042,-6.64958
17044.9,-6.64988
17047.9,-6.65019
17050.8,-6.6505
17053.7,-6.6508
17056.6,-6.65111
17059.6,-6.65141
17062.5,-6.65172
17065.4,-6.65202
17068.4,-6.65233
17071.3,-6.65264
17074.2,-6.65294
17077.1,-6.65325
17080.1,-6.65355
17083,-6.65386
17085.9,-6.65417
17088.9,-6.65447
17091.8,-6.65477
17094.7,-6.65508
17097.7,-6.65539
17100.6,-6.65569
17103.5,-6.65599
17106.4,-6.6563
17109.4,-6.6566
17112.3,-6.6569
17115.2,-6.6572
17118.2,-6.65751
17121.1,-6.65781
17124,-6.65811
17127,-6.65842
17129.9,-6.65872
17132.8,-6.65902
17135.7,-6.65933
17138.7,-6.65963
17141.6,-6.65993
17144.5,-6.66023
17147.5,-6.66053
17150.4,-6.66084
17153.3,-6.66114
17156.3,-6.66144
17159.2,-6.66174
17162.1,-6.66204
17165,-6.66234
17168,-6.66264
17170.9,-6.66294
17173.8,-6.66324
17176.8,-6.66354
17179.7,-6.66384
17182.6,-6.66414
17185.5,-6.66444
17188.5,-6.66474
17191.4,-6.66504
17194.3,-6.66534
17197.3,-6.66564
17200.2,-6.66594
17203.1,-6.66624
17206.1,-6.66654
17209,-6.66684
17211.9,-6.66714
17214.8,-6.66743
17217.8,-6.66773
17220.7,-6.66803
17223.6,-6.66833
17226.6,-6.66863
17229.5,-6.66893
17232.4,-6.66922
17235.4,-6.66952
17238.3,-6.66982
17241.2,-6.67012
17244.1,-6.67041
17247.1,-6.67071
17250,-6.67101
17252.9,-6.6713
17255.9,-6.6716
17258.8,-6.6719
17261.7,-6.67219
17264.6,-6.67249
17267.6,-6.67278
17270.5,-6.67308
17273.4,-6.67338
17276.4,-6.67367
17279.3,-6.67397
17282.2,-6.67426
17285.2,-6.67455
17288.1,-6.67485
17291,-6.67515
17293.9,-6.67544
17296.9,-6.67573
17299.8,-6.67603
17302.7,-6.67632
17305.7,-6.67662
17308.6,-6.67691
17311.5,-6.67721
17314.5,-6.6775
17317.4,-6.67779
17320.3,-6.67808
17323.2,-6.67838
17326.2,-6.67867
17329.1,-6.67896
17332,-6.67925
17335,-6.67955
17337.9,-6.67984
17340.8,-6.68013
17343.8,-6.68042
17346.7,-6.68072
17349.6,-6.68101
17352.5,-6.6813
17355.5,-6.68159
17358.4,-6.68188
17361.3,-6.68218
17364.3,-6.68247
17367.2,-6.68276
17370.1,-6.68305
17373,-6.68334
17376,-6.68363
17378.9,-6.68392
17381.8,-6.68421
17384.8,-6.6845
17387.7,-6.68479
17390.6,-6.68508
17393.6,-6.68537
17396.5,-6.68566
17399.4,-6.68595
17402.3,-6.68624
17405.3,-6.68653
17408.2,-6.68682
17411.1,-6.6871
17414.1,-6.68739
17417,-6.68768
17419.9,-6.68797
17422.9,-6.68826
17425.8,-6.68854
17428.7,-6.68883
17431.6,-6.68912
17434.6,-6.68941
17437.5,-6.6897
17440.4,-6.68999
17443.4,-6.69027
17446.3,-6.69056
17449.2,-6.69085
17452.1,-6.69113
17455.1,-6.69142
17458,-6.69171
17460.9,-6.69199
17463.9,-6.69228
17466.8,-6.69256
17469.7,-6.69285
17472.7,-6.69314
17475.6,-6.69342
17478.5,-6.69371
17481.4,-6.69399
17484.4,-6.69428
17487.3,-6.69456
17490.2,-6.69485
17493.2,-6.69513
17496.1,-6.69541
17499,-6.6957
17502,-6.69598
17504.9,-6.69627
17507.8,-6.69655
17510.7,-6.69684
17513.7,-6.69712
17516.6,-6.6974
17519.5,-6.69769
17522.5,-6.69797
17525.4,-6.69826
17528.3,-6.69853
17531.3,-6.69882
17534.2,-6.6991
17537.1,-6.69938
17540,-6.69967
17543,-6.69995
17545.9,-6.70023
17548.8,-6.70051
17551.8,-6.70079
17554.7,-6.70108
17557.6,-6.70136
17560.5,-6.70164
17563.5,-6.70192
17566.4,-6.7022
17569.3,-6.70248
17572.3,-6.70277
17575.2,-6.70304
17578.1,-6.70333
17581.1,-6.70361
17584,-6.70389
17586.9,-6.70417
17589.8,-6.70445
17592.8,-6.70473
17595.7,-6.705
17598.6,-6.70529
17601.6,-6.70557
17604.5,-6.70585
17607.4,-6.70613
17610.4,-6.7064
17613.3,-6.70669
17616.2,-6.70696
17619.1,-6.70724
17622.1,-6.70752
17625,-6.7078
17627.9,-6.70807
17630.9,-6.70835
17633.8,-6.70863
17636.7,-6.70891
17639.6,-6.70919
17642.6,-6.70946
17645.5,-6.70974
17648.4,-6.71002
17651.4,-6.71029
17654.3,-6.71057
17657.2,-6.71085
17660.2,-6.71113
17663.1,-6.7114
17666,-6.71168
17668.9,-6.71195
17671.9,-6.71223
17674.8,-6.7125
17677.7,-6.71278
17680.7,-6.71306
17683.6,-6.71333
17686.5,-6.71361
17689.5,-6.71388
17692.4,-6.71416
17695.3,-6.71443
17698.2,-6.71471
17701.2,-6.71498
17704.1,-6.71526
17707,-6.71553
17710,-6.71581
17712.9,-6.71608
17715.8,-6.71636
17718.8,-6.71663
17721.7,-6.7169
17724.6,-6.71717
17727.5,-6.71745
17730.5,-6.71772
17733.4,-6.71799
17736.3,-6.71827
17739.3,-6.71854
17742.2,-6.71881
17745.1,-6.71908
17748,-6.71936
17751,-6.71963
17753.9,-6.7199
17756.8,-6.72017
17759.8,-6.72044
17762.7,-6.72072
17765.6,-6.72099
17768.6,-6.72126
17771.5,-6.72153
17774.4,-6.7218
17777.3,-6.72207
17780.3,-6.72234
17783.2,-6.72261
17786.1,-6.72288
17789.1,-6.72315
17792,-6.72342
17794.9,-6.72369
17797.9,-6.72396
17800.8,-6.72423
17803.7,-6.7245
17806.6,-6.72477
17809.6,-6.72504
17812.5,-6.72531
17815.4,-6.72558
17818.4,-6.72585
17821.3,-6.72612
17824.2,-6.72638
17827.1,-6.72665
17830.1,-6.72692
17833,-6.72719
17835.9,-6.72746
17838.9,-6.72773
17841.8,-6.72799
17844.7,-6.72826
17847.7,-6.72853
17850.6,-6.7288
17853.5,-6.72907
17856.4,-6.72933
17859.4,-6.7296
17862.3,-6.72986
17865.2,-6.73013
17868.2,-6.7304
17871.1,-6.73066
17874,-6.73093
17877,-6.7312
17879.9,-6.73146
17882.8,-6.73173
17885.7,-6.73199
17888.7,-6.73226
17891.6,-6.73252
17894.5,-6.73279
17897.5,-6.73305
17900.4,-6.73332
17903.3,-6.73359
17906.3,-6.73385
17909.2,-6.73411
17912.1,-6.73438
17915,-6.73464
17918,-6.73491
17920.9,-6.73517
17923.8,-6.73543
17926.8,-6.7357
17929.7,-6.73596
17932.6,-6.73623
17935.5,-6.73648
17938.5,-6.73675
17941.4,-6.73701
17944.3,-6.73728
17947.3,-6.73754
17950.2,-6.7378
17953.1,-6.73806
17956.1,-6.73833
17959,-6.73859
17961.9,-6.73885
17964.8,-6.73911
17967.8,-6.73937
17970.7,-6.73964
17973.6,-6.7399
17976.6,-6.74016
17979.5,-6.74042
17982.4,-6.74068
17985.4,-6.74094
17988.3,-6.7412
17991.2,-6.74147
17994.1,-6.74172
17997.1,-6.74198
18000,-6.74224
18002.9,-6.7425
18005.9,-6.74276
18008.8,-6.74302
18011.7,-6.74328
18014.6,-6.74354
18017.6,-6.7438
18020.5,-6.74406
18023.4,-6.74432
18026.4,-6.74458
18029.3,-6.74484
18032.2,-6.74509
18035.2,-6.74535
18038.1,-6.74561
18041,-6.74587
18043.9,-6.74613
18046.9,-6.74639
18049.8,-6.74664
18052.7,-6.7469
18055.7,-6.74716
18058.6,-6.74742
18061.5,-6.74767
18064.5,-6.74793
18067.4,-6.74819
18070.3,-6.74845
18073.2,-6.7487
18076.2,-6.74896
18079.1,-6.74921
18082,-6.74947
18085,-6.74973
18087.9,-6.74998
18090.8,-6.75023
18093.8,-6.75049
18096.7,-6.75075
18099.6,-6.751
18102.5,-6.75126
18105.5,-6.75151
18108.4,-6.75177
18111.3,-6.75202
18114.3,-6.75228
18117.2,-6.75253
18120.1,-6.75279
18123,-6.75304
18126,-6.75329
18128.9,-6.75355
18131.8,-6.7538
18134.8,-6.75406
18137.7,-6.75431
18140.6,-6.75456
18143.6,-6.75482
18146.5,-6.75507
18149.4,-6.75532
18152.3,-6.75557
18155.3,-6.75583
18158.2,-6.75608
18161.1,-6.75633
18164.1,-6.75659
18167,-6.75684
18169.9,-6.75709
18172.9,-6.75734
18175.8,-6.75759
18178.7,-6.75784
18181.6,-6.75809
18184.6,-6.75835
18187.5,-6.7586
18190.4,-6.75885
18193.4,-6.7591
18196.3,-6.75935
18199.2,-6.7596
18202.1,-6.75985
18205.1,-6.7601
18208,-6.76035
18210.9,-6.7606
18213.9,-6.76085
18216.8,-6.7611
18219.7,-6.76135
18222.7,-6.7616
18225.6,-6.76185
18228.5,-6.7621
18231.4,-6.76235
18234.4,-6.7626
18237.3,-6.76285
18240.2,-6.7631
18243.2,-6.76334
18246.1,-6.76359
18249,-6.76384
18252,-6.76409
18254.9,-6.76434
18257.8,-6.76458
18260.7,-6.76483
18263.7,-6.76508
18266.6,-6.76533
18269.5,-6.76557
18272.5,-6.76582
18275.4,-6.76607
18278.3,-6.76632
18281.3,-6.76656
18284.2,-6.76681
18287.1,-6.76705
18290,-6.7673
18293,-6.76755
18295.9,-6.76779
18298.8,-6.76804
18301.8,-6.76829
18304.7,-6.76853
18307.6,-6.76877
18310.5,-6.76902
18313.5,-6.76927
18316.4,-6.76951
18319.3,-6.76976
18322.3,-6.77
18325.2,-6.77025
18328.1,-6.77049
18331.1,-6.77073
18334,-6.77098
18336.9,-6.77122
18339.8,-6.77147
18342.8,-6.77171
18345.7,-6.77195
18348.6,-6.7722
18351.6,-6.77244
18354.5,-6.77268
18357.4,-6.77293
18360.4,-6.77317
18363.3,-6.77341
18366.2,-6.77365
18369.1,-6.7739
18372.1,-6.77414
18375,-6.77438
18377.9,-6.77462
18380.9,-6.77487
18383.8,-6.77511
18386.7,-6.77535
18389.6,-6.77559
18392.6,-6.77583
18395.5,-6.77607
18398.4,-6.77632
18401.4,-6.77655
18404.3,-6.7768
18407.2,-6.77704
18410.2,-6.77728
18413.1,-6.77752
18416,-6.77776
18418.9,-6.778
18421.9,-6.77824
18424.8,-6.77848
18427.7,-6.77872
18430.7,-6.77896
18433.6,-6.7792
18436.5,-6.77944
18439.5,-6.77968
18442.4,-6.77992
18445.3,-6.78015
18448.2,-6.78039
18451.2,-6.78063
18454.1,-6.78087
18457,-6.78111
18460,-6.78135
18462.9,-6.78159
18465.8,-6.78182
18468.8,-6.78206
18471.7,-6.7823
18474.6,-6.78254
18477.5,-6.78277
18480.5,-6.78301
18483.4,-6.78325
18486.3,-6.78348
18489.3,-6.78372
18492.2,-6.78396
18495.1,-6.7842
18498,-6.78443
18501,-6.78467
18503.9,-6.7849
18506.8,-6.78514
18509.8,-6.78538
18512.7,-6.78561
18515.6,-6.78585
18518.6,-6.78608
18521.5,-6.78632
18524.4,-6.78656
18527.3,-6.78679
18530.3,-6.78702
18533.2,-6.78726
18536.1,-6.78749
18539.1,-6.78773
18542,-6.78796
18544.9,-6.7882
18547.9,-6.78843
18550.8,-6.78866
18553.7,-6.7889
18556.6,-6.78913
18559.6,-6.78937
18562.5,-6.7896
18565.4,-6.78983
18568.4,-6.79007
18571.3,-6.7903
18574.2,-6.79053
18577.1,-6.79076
18580.1,-6.791
18583,-6.79123
18585.9,-6.79146
18588.9,-6.79169
18591.8,-6.79193
18594.7,-6.79216
18597.7,-6.79239
18600.6,-6.79262
18603.5,-6.79285
18606.4,-6.79308
18609.4,-6.79332
18612.3,-6.79355
18615.2,-6.79378
18618.2,-6.79401
18621.1,-6.79424
18624,-6.79447
18627,-6.7947
18629.9,-6.79493
18632.8,-6.79516
18635.7,-6.79539
18638.7,-6.79562
18641.6,-6.79585
18644.5,-6.79608
18647.5,-6.79631
18650.4,-6.79654
18653.3,-6.79677
18656.3,-6.797
18659.2,-6.79723
18662.1,-6.79745
18665,-6.79768
18668,-6.79791
18670.9,-6.79814
18673.8,-6.79837
18676.8,-6.7986
18679.7,-6.79882
18682.6,-6.79905
18685.5,-6.79928
18688.5,-6.79951
18691.4,-6.79973
18694.3,-6.79996
18697.3,-6.80019
18700.2,-6.80042
18703.1,-6.80064
18706.1,-6.80087
18709,-6.8011
18711.9,-6.80132
18714.8,-6.80155
18717.8,-6.80177
18720.7,-6.802
18723.6,-6.80223
18726.6,-6.80245
18729.5,-6.80268
18732.4,-6.80291
18735.4,-6.80313
18738.3,-6.80336
18741.2,-6.80358
18744.1,-6.80381
18747.1,-6.80403
18750,-6.80426
18752.9,-6.80448
18755.9,-6.8047
18758.8,-6.80493
18761.7,-6.80515
18764.6,-6.80538
18767.6,-6.8056
18770.5,-6.80582
18773.4,-6.80605
18776.4,-6.80627
18779.3,-6.8065
18782.2,-6.80672
18785.2,-6.80694
18788.1,-6.80717
18791,-6.80739
18793.9,-6.80761
18796.9,-6.80783
18799.8,-6.80805
18802.7,-6.80828
18805.7,-6.8085
18808.6,-6.80872
18811.5,-6.80894
18814.5,-6.80917
18817.4,-6.80939
18820.3,-6.80961
18823.2,-6.80983
18826.2,-6.81005
18829.1,-6.81027
18832,-6.81049
18835,-6.81071
18837.9,-6.81093
18840.8,-6.81115
18843.8,-6.81138
18846.7,-6.8116
18849.6,-6.81181
18852.5,-6.81203
18855.5,-6.81226
18858.4,-6.81248
18861.3,-6.81269
18864.3,-6.81291
18867.2,-6.81313
18870.1,-6.81335
18873,-6.81357
18876,-6.81379
18878.9,-6.81401
18881.8,-6.81423
18884.8,-6.81445
18887.7,-6.81467
18890.6,-6.81488
18893.6,-6.8151
18896.5,-6.81532
18899.4,-6.81554
18902.3,-6.81575
18905.3,-6.81597
18908.2,-6.81619
18911.1,-6.81641
18914.1,-6.81662
18917,-6.81684
18919.9,-6.81706
18922.9,-6.81727
18925.8,-6.81749
18928.7,-6.81771
18931.6,-6.81792
18934.6,-6.81814
18937.5,-6.81836
18940.4,-6.81857
18943.4,-6.81879
18946.3,-6.819
18949.2,-6.81922
18952.1,-6.81944
18955.1,-6.81965
18958,-6.81987
18960.9,-6.82008
18963.9,-6.8203
18966.8,-6.82051
18969.7,-6.82072
18972.7,-6.82094
18975.6,-6.82115
18978.5,-6.82136
18981.4,-6.82158
18984.4,-6.8218
18987.3,-6.82201
18990.2,-6.82222
18993.2,-6.82243
18996.1,-6.82265
18999,-6.82286
19002,-6.82308
19004.9,-6.82329
19007.8,-6.8235
19010.7,-6.82372
19013.7,-6.82393
19016.6,-6.82414
19019.5,-6.82435
19022.5,-6.82456
19025.4,-6.82478
19028.3,-6.82499
19031.3,-6.8252
19034.2,-6.82541
19037.1,-6.82562
19040,-6.82584
19043,-6.82604
19045.9,-6.82626
19048.8,-6.82647
19051.8,-6.82668
19054.7,-6.82689
19057.6,-6.8271
19060.5,-6.82731
19063.5,-6.82752
19066.4,-6.82773
19069.3,-6.82794
19072.3,-6.82815
19075.2,-6.82836
19078.1,-6.82857
19081.1,-6.82878
19084,-6.82899
19086.9,-6.8292
19089.8,-6.82941
19092.8,-6.82962
19095.7,-6.82983
19098.6,-6.83003
19101.6,-6.83024
19104.5,-6.83045
19107.4,-6.83066
19110.4,-6.83087
19113.3,-6.83108
19116.2,-6.83129
19119.1,-6.83149
19122.1,-6.8317
19125,-6.83191
19127.9,-6.83212
19130.9,-6.83232
19133.8,-6.83253
19136.7,-6.83274
19139.6,-6.83294
19142.6,-6.83315
19145.5,-6.83336
19148.4,-6.83356
19151.4,-6.83377
19154.3,-6.83397
19157.2,-6.83418
19160.2,-6.83439
19163.1,-6.83459
19166,-6.8348
19168.9,-6.835
19171.9,-6.83521
19174.8,-6.83541
19177.7,-6.83562
19180.7,-6.83583
19183.6,-6.83603
19186.5,-6.83624
19189.5,-6.83644
19192.4,-6.83665
19195.3,-6.83685
19198.2,-6.83705
19201.2,-6.83726
19204.1,-6.83746
19207,-6.83766
19210,-6.83787
19212.9,-6.83807
19215.8,-6.83828
19218.8,-6.83848
19221.7,-6.83868
19224.6,-6.83888
19227.5,-6.83909
19230.5,-6.83929
19233.4,-6.83949
19236.3,-6.8397
19239.3,-6.8399
19242.2,-6.8401
19245.1,-6.8403
19248,-6.84051
19251,-6.84071
19253.9,-6.84091
19256.8,-6.84111
19259.8,-6.84131
19262.7,-6.84151
19265.6,-6.84171
19268.6,-6.84192
19271.5,-6.84211
19274.4,-6.84232
19277.3,-6.84252
19280.3,-6.84272
19283.2,-6.84292
19286.1,-6.84312
19289.1,-6.84332
19292,-6.84352
19294.9,-6.84372
19297.9,-6.84392
19300.8,-6.84412
19303.7,-6.84432
19306.6,-6.84452
19309.6,-6.84471
19312.5,-6.84492
19315.4,-6.84511
19318.4,-6.84531
19321.3,-6.84551
19324.2,-6.84571
19327.1,-6.84591
19330.1,-6.84611
19333,-6.8463
19335.9,-6.84651
19338.9,-6.8467
19341.8,-6.8469
19344.7,-6.8471
19347.7,-6.84729
19350.6,-6.84749
19353.5,-6.84769
19356.4,-6.84789
19359.4,-6.84808
19362.3,-6.84828
19365.2,-6.84848
19368.2,-6.84867
19371.1,-6.84887
19374,-6.84907
19377,-6.84926
19379.9,-6.84946
19382.8,-6.84965
19385.7,-6.84985
19388.7,-6.85005
19391.6,-6.85024
19394.5,-6.85043
19397.5,-6.85063
19400.4,-6.85083
19403.3,-6.85102
19406.3,-6.85122
19409.2,-6.85141
19412.1,-6.85161
19415,-6.8518
19418,-6.852
19420.9,-6.85219
19423.8,-6.85239
19426.8,-6.85258
19429.7,-6.85277
19432.6,-6.85297
19435.5,-6.85316
19438.5,-6.85335
19441.4,-6.85355
19444.3,-6.85374
19447.3,-6.85393
19450.2,-6.85413
19453.1,-6.85432
19456.1,-6.85451
19459,-6.8547
19461.9,-6.8549
19464.8,-6.85509
19467.8,-6.85528
19470.7,-6.85547
19473.6,-6.85566
19476.6,-6.85586
19479.5,-6.85605
19482.4,-6.85624
19485.4,-6.85643
19488.3,-6.85662
19491.2,-6.85681
19494.1,-6.857
19497.1,-6.8572
19500,-6.85739
19502.9,-6.85758
19505.9,-6.85777
19508.8,-6.85796
19511.7,-6.85815
19514.6,-6.85834
19517.6,-6.85853
19520.5,-6.85872
19523.4,-6.85891
19526.4,-6.8591
19529.3,-6.85929
19532.2,-6.85948
19535.2,-6.85966
19538.1,-6.85985
19541,-6.86004
19543.9,-6.86023
19546.9,-6.86042
19549.8,-6.86061
19552.7,-6.8608
19555.7,-6.86098
19558.6,-6.86117
19561.5,-6.86136
19564.5,-6.86155
19567.4,-6.86174
19570.3,-6.86193
19573.2,-6.86211
19576.2,-6.8623
19579.1,-6.86249
19582,-6.86267
19585,-6.86286
19587.9,-6.86305
19590.8,-6.86323
19593.8,-6.86342
19596.7,-6.86361
19599.6,-6.86379
19602.5,-6.86398
19605.5,-6.86417
19608.4,-6.86435
19611.3,-6.86454
19614.3,-6.86473
19617.2,-6.86491
19620.1,-6.86509
19623,-6.86528
19626,-6.86547
19628.9,-6.86565
19631.8,-6.86584
19634.8,-6.86602
19637.7,-6.8662
19640.6,-6.86639
19643.6,-6.86657
19646.5,-6.86676
19649.4,-6.86694
19652.3,-6.86713
19655.3,-6.86731
19658.2,-6.86749
19661.1,-6.86768
19664.1,-6.86786
19667,-6.86804
19669.9,-6.86823
19672.9,-6.86841
19675.8,-6.86859
19678.7,-6.86878
19681.6,-6.86896
19684.6,-6.86914
19687.5,-6.86933
19690.4,-6.86951
19693.4,-6.86969
19696.3,-6.86987
19699.2,-6.87006
19702.1,-6.87024
19705.1,-6.87042
19708,-6.8706
19710.9,-6.87078
19713.9,-6.87096
19716.8,-6.87114
19719.7,-6.87132
19722.7,-6.87151
19725.6,-6.87169
19728.5,-6.87186
19731.4,-6.87205
19734.4,-6.87223
19737.3,-6.87241
19740.2,-6.87259
19743.2,-6.87277
19746.1,-6.87295
19749,-6.87313
19752,-6.87331
19754.9,-6.87349
19757.8,-6.87367
19760.7,-6.87385
19763.7,-6.87403
19766.6,-6.8742
19769.5,-6.87438
19772.5,-6.87456
19775.4,-6.87474
19778.3,-6.87492
19781.3,-6.8751
19784.2,-6.87528
19787.1,-6.87545
19790,-6.87563
19793,-6.87581
19795.9,-6.87599
19798.8,-6.87616
19801.8,-6.87634
19804.7,-6.87652
19807.6,-6.8767
19810.5,-6.87688
19813.5,-6.87705
19816.4,-6.87723
19819.3,-6.87741
19822.3,-6.87758
19825.2,-6.87776
19828.1,-6.87793
19831.1,-6.87811
19834,-6.87829
19836.9,-6.87846
19839.8,-6.87864
19842.8,-6.87882
19845.7,-6.87899
19848.6,-6.87917
19851.6,-6.87934
19854.5,-6.87952
19857.4,-6.87969
19860.4,-6.87987
19863.3,-6.88004
19866.2,-6.88022
19869.1,-6.88039
19872.1,-6.88056
19875,-6.88074
19877.9,-6.88091
19880.9,-6.88109
19883.8,-6.88126
19886.7,-6.88144
19889.6,-6.88161
19892.6,-6.88178
19895.5,-6.88196
19898.4,-6.88213
19901.4,-6.8823
19904.3,-6.88248
19907.2,-6.88265
19910.2,-6.88282
19913.1,-6.88299
19916,-6.88317
19918.9,-6.88334
19921.9,-6.88351
19924.8,-6.88368
19927.7,-6.88386
19930.7,-6.88403
19933.6,-6.8842
19936.5,-6.88437
19939.5,-6.88454
19942.4,-6.88472
19945.3,-6.88489
19948.2,-6.88506
19951.2,-6.88523
19954.1,-6.8854
19957,-6.88557
19960,-6.88574
19962.9,-6.88591
19965.8,-6.88608
19968.8,-6.88625
19971.7,-6.88642
19974.6,-6.88659
19977.5,-6.88676
19980.5,-6.88693
19983.4,-6.8871
19986.3,-6.88727
19989.3,-6.88744
19992.2,-6.88761
19995.1,-6.88778
19998,-6.88795
20001,-6.88812
20003.9,-6.88829
20006.8,-6.88845
20009.8,-6.88862
20012.7,-6.88879
20015.6,-6.88896
20018.6,-6.88913
20021.5,-6.88929
20024.4,-6.88946
20027.3,-6.88963
20030.3,-6.8898
20033.2,-6.88997
20036.1,-6.89013
20039.1,-6.8903
20042,-6.89047
20044.9,-6.89064
20047.9,-6.8908
20050.8,-6.89097
20053.7,-6.89114
20056.6,-6.8913
20059.6,-6.89147
20062.5,-6.89164
20065.4,-6.8918
20068.4,-6.89197
20071.3,-6.89213
20074.2,-6.8923
20077.1,-6.89246
20080.1,-6.89263
20083,-6.89279
20085.9,-6.89296
20088.9,-6.89313
20091.8,-6.89329
20094.7,-6.89346
20097.7,-6.89362
20100.6,-6.89379
20103.5,-6.89395
20106.4,-6.89411
20109.4,-6.89428
20112.3,-6.89444
20115.2,-6.89461
20118.2,-6.89477
20121.1,-6.89493
20124,-6.8951
20127,-6.89526
20129.9,-6.89543
20132.8,-6.89559
20135.7,-6.89575
20138.7,-6.89591
20141.6,-6.89608
20144.5,-6.89624
20147.5,-6.8964
20150.4,-6.89657
20153.3,-6.89673
20156.3,-6.89689
20159.2,-6.89705
20162.1,-6.89722
20165,-6.89738
20168,-6.89754
20170.9,-6.8977
20173.8,-6.89786
20176.8,-6.89802
20179.7,-6.89819
20182.6,-6.89834
20185.5,-6.89851
20188.5,-6.89867
20191.4,-6.89883
20194.3,-6.89899
20197.3,-6.89915
20200.2,-6.89931
20203.1,-6.89947
20206.1,-6.89963
20209,-6.89979
20211.9,-6.89995
20214.8,-6.90011
20217.8,-6.90027
20220.7,-6.90043
20223.6,-6.90059
20226.6,-6.90075
20229.5,-6.90091
20232.4,-6.90107
20235.4,-6.90123
20238.3,-6.90139
20241.2,-6.90154
20244.1,-6.9017
20247.1,-6.90186
20250,-6.90202
20252.9,-6.90218
20255.9,-6.90234
20258.8,-6.90249
20261.7,-6.90265
20264.6,-6.90281
20267.6,-6.90297
20270.5,-6.90312
20273.4,-6.90328
20276.4,-6.90344
20279.3,-6.9036
20282.2,-6.90375
20285.2,-6.90391
20288.1,-6.90407
20291,-6.90422
20293.9,-6.90438
20296.9,-6.90454
20299.8,-6.9047
20302.7,-6.90485
20305.7,-6.90501
20308.6,-6.90516
20311.5,-6.90532
20314.5,-6.90547
20317.4,-6.90563
20320.3,-6.90578
20323.2,-6.90594
20326.2,-6.90609
20329.1,-6.90625
20332,-6.9064
20335,-6.90656
20337.9,-6.90671
20340.8,-6.90687
20343.8,-6.90703
20346.7,-6.90718
20349.6,-6.90733
20352.5,-6.90748
20355.5,-6.90764
20358.4,-6.90779
20361.3,-6.90795
20364.3,-6.9081
20367.2,-6.90825
20370.1,-6.90841
20373,-6.90856
20376,-6.90871
20378.9,-6.90887
20381.8,-6.90902
20384.8,-6.90917
20387.7,-6.90933
20390.6,-6.90948
20393.6,-6.90963
20396.5,-6.90978
20399.4,-6.90993
20402.3,-6.91009
20405.3,-6.91024
20408.2,-6.91039
20411.1,-6.91054
20414.1,-6.9107
20417,-6.91084
20419.9,-6.911
20422.9,-6.91115
20425.8,-6.9113
20428.7,-6.91145
20431.6,-6.9116
20434.6,-6.91175
20437.5,-6.9119
20440.4,-6.91205
20443.4,-6.9122
20446.3,-6.91235
20449.2,-6.9125
20452.1,-6.91265
20455.1,-6.9128
20458,-6.91295
20460.9,-6.9131
20463.9,-6.91325
20466.8,-6.9134
20469.7,-6.91355
20472.7,-6.9137
20475.6,-6.91384
20478.5,-6.91399
20481.4,-6.91415
20484.4,-6.91429
20487.3,-6.91444
20490.2,-6.91459
20493.2,-6.91474
20496.1,-6.91489
20499,-6.91503
20502,-6.91518
20504.9,-6.91533
20507.8,-6.91548
20510.7,-6.91562
20513.7,-6.91577
20516.6,-6.91592
20519.5,-6.91607
20522.5,-6.91621
20525.4,-6.91636
20528.3,-6.91651
20531.3,-6.91665
20534.2,-6.9168
20537.1,-6.91695
20540,-6.91709
20543,-6.91724
20545.9,-6.91739
20548.8,-6.91753
20551.8,-6.91768
20554.7,-6.91782
20557.6,-6.91797
20560.5,-6.91811
20563.5,-6.91826
20566.4,-6.9184
20569.3,-6.91855
20572.3,-6.91869
20575.2,-6.91884
20578.1,-6.91898
20581.1,-6.91913
20584,-6.91927
20586.9,-6.91942
20589.8,-6.91956
20592.8,-6.91971
20595.7,-6.91985
20598.6,-6.91999
20601.6,-6.92014
20604.5,-6.92028
20607.4,-6.92042
20610.4,-6.92057
20613.3,-6.92071
20616.2,-6.92085
20619.1,-6.921
20622.1,-6.92114
20625,-6.92128
20627.9,-6.92143
20630.9,-6.92157
20633.8,-6.92171
20636.7,-6.92185
20639.6,-6.92199
20642.6,-6.92214
20645.5,-6.92228
20648.4,-6.92242
20651.4,-6.92256
20654.3,-6.92271
20657.2,-6.92285
20660.2,-6.92299
20663.1,-6.92313
20666,-6.92327
20668.9,-6.92341
20671.9,-6.92355
20674.8,-6.92369
20677.7,-6.92383
20680.7,-6.92398
20683.6,-6.92411
20686.5,-6.92425
20689.5,-6.92439
20692.4,-6.92454
20695.3,-6.92468
20698.2,-6.92482
20701.2,-6.92495
20704.1,-6.92509
20707,-6.92523
20710,-6.92537
20712.9,-6.92551
20715.8,-6.92565
20718.8,-6.92579
20721.7,-6.92593
20724.6,-6.92606
20727.5,-6.92621
20730.5,-6.92634
20733.4,-6.92648
20736.3,-6.92662
20739.3,-6.92676
20742.2,-6.9269
20745.1,-6.92704
20748,-6.92717
20751,-6.92731
20753.9,-6.92745
20756.8,-6.92759
20759.8,-6.92773
20762.7,-6.92786
20765.6,-6.928
20768.6,-6.92813
20771.5,-6.92827
20774.4,-6.92841
20777.3,-6.92855
20780.3,-6.92868
20783.2,-6.92882
20786.1,-6.92896
20789.1,-6.92909
20792,-6.92923
20794.9,-6.92937
20797.9,-6.9295
20800.8,-6.92964
20803.7,-6.92977
20806.6,-6.9299
20809.6,-6.93004
20812.5,-6.93018
20815.4,-6.93031
20818.4,-6.93044
20821.3,-6.93058
20824.2,-6.93072
20827.1,-6.93085
20830.1,-6.93098
20833,-6.93112
20835.9,-6.93125
20838.9,-6.93139
20841.8,-6.93152
20844.7,-6.93166
20847.7,-6.93179
20850.6,-6.93192
20853.5,-6.93206
20856.4,-6.93219
20859.4,-6.93232
20862.3,-6.93246
20865.2,-6.93259
20868.2,-6.93272
20871.1,-6.93285
20874,-6.93299
20877,-6.93312
20879.9,-6.93326
20882.8,-6.93338
20885.7,-6.93352
20888.7,-6.93365
20891.6,-6.93378
20894.5,-6.93391
20897.5,-6.93404
20900.4,-6.93418
20903.3,-6.93431
20906.3,-6.93444
20909.2,-6.93457
20912.1,-6.9347
20915,-6.93483
20918,-6.93496
20920.9,-6.9351
20923.8,-6.93523
20926.8,-6.93535
20929.7,-6.93549
20932.6,-6.93562
20935.5,-6.93575
20938.5,-6.93588
20941.4,-6.93601
20944.3,-6.93614
20947.3,-6.93627
20950.2,-6.9364
20953.1,-6.93653
20956.1,-6.93666
20959,-6.93679
20961.9,-6.93692
20964.8,-6.93704
20967.8,-6.93717
20970.7,-6.9373
20973.6,-6.93743
20976.6,-6.93756
20979.5,-6.93769
20982.4,-6.93782
20985.4,-6.93795
20988.3,-6.93807
20991.2,-6.9382
20994.1,-6.93833
20997.1,-6.93846
21000,-6.93858
21002.9,-6.93871
21005.9,-6.93884
21008.8,-6.93897
21011.7,-6.9391
21014.6,-6.93922
21017.6,-6.93935
21020.5,-6.93948
21023.4,-6.9396
21026.4,-6.93973
21029.3,-6.93986
21032.2,-6.93998
21035.2,-6.94011
21038.1,-6.94023
21041,-6.94036
21043.9,-6.94049
21046.9,-6.94061
21049.8,-6.94074
21052.7,-6.94086
21055.7,-6.94099
21058.6,-6.94112
21061.5,-6.94124
21064.5,-6.94136
21067.4,-6.94149
21070.3,-6.94162
21073.2,-6.94174
21076.2,-6.94186
21079.1,-6.94199
21082,-6.94211
21085,-6.94224
21087.9,-6.94236
21090.8,-6.94249
21093.8,-6.94261
21096.7,-6.94274
21099.6,-6.94286
21102.5,-6.94298
21105.5,-6.9431
21108.4,-6.94323
21111.3,-6.94335
21114.3,-6.94348
21117.2,-6.9436
21120.1,-6.94372
21123,-6.94385
21126,-6.94397
21128.9,-6.94409
21131.8,-6.94421
21134.8,-6.94433
21137.7,-6.94446
21140.6,-6.94458
21143.6,-6.9447
21146.5,-6.94482
21149.4,-6.94494
21152.3,-6.94507
21155.3,-6.94519
21158.2,-6.94531
21161.1,-6.94543
21164.1,-6.94555
21167,-6.94567
21169.9,-6.94579
21172.9,-6.94591
21175.8,-6.94603
21178.7,-6.94616
21181.6,-6.94627
21184.6,-6.94639
21187.5,-6.94652
21190.4,-6.94664
21193.4,-6.94676
21196.3,-6.94688
21199.2,-6.947
21202.1,-6.94712
21205.1,-6.94724
21208,-6.94736
21210.9,-6.94747
21213.9,-6.94759
21216.8,-6.94772
21219.7,-6.94783
21222.7,-6.94795
21225.6,-6.94807
21228.5,-6.94819
21231.4,-6.94831
21234.4,-6.94843
21237.3,-6.94854
21240.2,-6.94866
21243.2,-6.94878
21246.1,-6.9489
21249,-6.94902
21252,-6.94913
21254.9,-6.94925
21257.8,-6.94937
21260.7,-6.94949
21263.7,-6.9496
21266.6,-6.94972
21269.5,-6.94984
21272.5,-6.94996
21275.4,-6.95008
21278.3,-6.95019
21281.3,-6.95031
21284.2,-6.95042
21287.1,-6.95054
21290,-6.95066
21293,-6.95077
21295.9,-6.95089
21298.8,-6.95101
21301.8,-6.95112
21304.7,-6.95124
21307.6,-6.95135
21310.5,-6.95147
21313.5,-6.95158
21316.4,-6.9517
21319.3,-6.95181
21322.3,-6.95193
21325.2,-6.95204
21328.1,-6.95216
21331.1,-6.95227
21334,-6.95239
21336.9,-6.9525
21339.8,-6.95262
21342.8,-6.95273
21345.7,-6.95285
21348.6,-6.95296
21351.6,-6.95307
21354.5,-6.95319
21357.4,-6.9533
21360.4,-6.95342
21363.3,-6.95353
21366.2,-6.95364
21369.1,-6.95376
21372.1,-6.95387
21375,-6.95398
21377.9,-6.95409
21380.9,-6.95421
21383.8,-6.95432
21386.7,-6.95443
21389.6,-6.95454
21392.6,-6.95466
21395.5,-6.95477
21398.4,-6.95488
21401.4,-6.95499
21404.3,-6.95511
21407.2,-6.95522
21410.2,-6.95533
21413.1,-6.95544
21416,-6.95555
21418.9,-6.95566
21421.9,-6.95578
21424.8,-6.95588
21427.7,-6.956
21430.7,-6.95611
21433.6,-6.95622
21436.5,-6.95633
21439.5,-6.95644
21442.4,-6.95655
21445.3,-6.95666
21448.2,-6.95677
21451.2,-6.95688
21454.1,-6.95699
21457,-6.9571
21460,-6.95721
21462.9,-6.95732
21465.8,-6.95743
21468.8,-6.95754
21471.7,-6.95765
21474.6,-6.95776
21477.5,-6.95787
21480.5,-6.95798
21483.4,-6.95808
21486.3,-6.95819
21489.3,-6.9583
21492.2,-6.95841
21495.1,-6.95852
21498,-6.95863
21501,-6.95874
21503.9,-6.95884
21506.8,-6.95896
21509.8,-6.95906
21512.7,-6.95917
21515.6,-6.95928
21518.6,-6.95938
21521.5,-6.95949
21524.4,-6.9596
21527.3,-6.95971
21530.3,-6.95981
21533.2,-6.95992
21536.1,-6.96003
21539.1,-6.96013
21542,-6.96024
21544.9,-6.96034
21547.9,-6.96045
21550.8,-6.96056
21553.7,-6.96067
21556.6,-6.96077
21559.6,-6.96088
21562.5,-6.96098
21565.4,-6.96109
21568.4,-6.9612
21571.3,-6.9613
21574.2,-6.96141
21577.1,-6.96151
21580.1,-6.96161
21583,-6.96172
21585.9,-6.96182
21588.9,-6.96194
21591.8,-6.96204
21594.7,-6.96214
21597.7,-6.96225
21600.6,-6.96235
21603.5,-6.96246
21606.4,-6.96256
21609.4,-6.96266
21612.3,-6.96277
21615.2,-6.96287
21618.2,-6.96298
21621.1,-6.96308
21624,-6.96318
21627,-6.96329
21629.9,-6.96339
21632.8,-6.96349
21635.7,-6.9636
21638.7,-6.9637
21641.6,-6.9638
21644.5,-6.9639
21647.5,-6.96401
21650.4,-6.96411
21653.3,-6.96421
21656.3,-6.96431
21659.2,-6.96442
21662.1,-6.96452
21665,-6.96462
21668,-6.96472
21670.9,-6.96482
21673.8,-6.96492
21676.8,-6.96503
21679.7,-6.96513
21682.6,-6.96523
21685.5,-6.96533
21688.5,-6.96543
21691.4,-6.96553
21694.3,-6.96563
21697.3,-6.96573
21700.2,-6.96584
21703.1,-6.96594
21706.1,-6.96604
21709,-6.96614
21711.9,-6.96624
21714.8,-6.96634
21717.8,-6.96644
21720.7,-6.96654
21723.6,-6.96664
21726.6,-6.96674
21729.5,-6.96684
21732.4,-6.96694
21735.4,-6.96704
21738.3,-6.96713
21741.2,-6.96724
21744.1,-6.96733
21747.1,-6.96743
21750,-6.96753
21752.9,-6.96763
21755.9,-6.96773
21758.8,-6.96783
21761.7,-6.96792
21764.6,-6.96802
21767.6,-6.96812
21770.5,-6.96822
21773.4,-6.96832
21776.4,-6.96841
21779.3,-6.96852
21782.2,-6.96861
21785.2,-6.96871
21788.1,-6.96881
21791,-6.96891
21793.9,-6.969
21796.9,-6.9691
21799.8,-6.9692
21802.7,-6.96929
21805.7,-6.96939
21808.6,-6.96948
21811.5,-6.96958
21814.5,-6.96968
21817.4,-6.96978
21820.3,-6.96987
21823.2,-6.96997
21826.2,-6.97006
21829.1,-6.97016
21832,-6.97025
21835,-6.97035
21837.9,-6.97045
21840.8,-6.97054
21843.8,-6.97064
21846.7,-6.97074
21849.6,-6.97083
21852.5,-6.97092
21855.5,-6.97102
21858.4,-6.97111
21861.3,-6.97121
21864.3,-6.9713
21867.2,-6.97139
21870.1,-6.97149
21873,-6.97159
21876,-6.97168
21878.9,-6.97177
21881.8,-6.97187
21884.8,-6.97196
21887.7,-6.97206
21890.6,-6.97215
21893.6,-6.97224
21896.5,-6.97234
21899.4,-6.97243
21902.3,-6.97252
21905.3,-6.97262
21908.2,-6.97271
21911.1,-6.9728
21914.1,-6.9729
21917,-6.97299
21919.9,-6.97308
21922.9,-6.97317
21925.8,-6.97326
21928.7,-6.97336
21931.6,-6.97345
21934.6,-6.97354
21937.5,-6.97363
21940.4,-6.97373
21943.4,-6.97382
21946.3,-6.97391
21949.2,-6.974
21952.1,-6.97409
21955.1,-6.97418
21958,-6.97428
21960.9,-6.97437
21963.9,-6.97445
21966.8,-6.97455
21969.7,-6.97464
21972.7,-6.97473
21975.6,-6.97482
21978.5,-6.97491
21981.4,-6.975
21984.4,-6.97509
21987.3,-6.97518
21990.2,-6.97527
21993.2,-6.97536
21996.1,-6.97545
21999,-6.97554
22002,-6.97563
22004.9,-6.97572
22007.8,-6.97581
22010.7,-6.9759
22013.7,-6.97598
22016.6,-6.97608
22019.5,-6.97616
22022.5,-6.97625
22025.4,-6.97635
22028.3,-6.97643
22031.3,-6.97652
22034.2,-6.97661
22037.1,-6.9767
22040,-6.97679
22043,-6.97687
22045.9,-6.97696
22048.8,-6.97705
22051.8,-6.97714
22054.7,-6.97722
22057.6,-6.97731
22060.5,-6.9774
22063.5,-6.97749
22066.4,-6.97757
22069.3,-6.97766
22072.3,-6.97775
22075.2,-6.97783
22078.1,-6.97792
22081.1,-6.97801
22084,-6.9781
22086.9,-6.97818
22089.8,-6.97827
22092.8,-6.97835
22095.7,-6.97844
22098.6,-6.97853
22101.6,-6.97861
22104.5,-6.9787
22107.4,-6.97878
22110.4,-6.97887
22113.3,-6.97895
22116.2,-6.97904
22119.1,-6.97913
22122.1,-6.97921
22125,-6.9793
22127.9,-6.97938
22130.9,-6.97947
22133.8,-6.97955
22136.7,-6.97964
22139.6,-6.97972
22142.6,-6.9798
22145.5,-6.97989
22148.4,-6.97998
22151.4,-6.98006
22154.3,-6.98014
22157.2,-6.98023
22160.2,-6.98031
22163.1,-6.98039
22166,-6.98048
22168.9,-6.98056
22171.9,-6.98064
22174.8,-6.98073
22177.7,-6.98081
22180.7,-6.98089
22183.6,-6.98098
22186.5,-6.98106
22189.5,-6.98114
22192.4,-6.98122
22195.3,-6.98131
22198.2,-6.98139
22201.2,-6.98147
22204.1,-6.98155
22207,-6.98164
22210,-6.98172
22212.9,-6.9818
22215.8,-6.98188
22218.8,-6.98197
22221.7,-6.98205
22224.6,-6.98213
22227.5,-6.98221
22230.5,-6.98229
22233.4,-6.98237
22236.3,-6.98246
22239.3,-6.98254
22242.2,-6.98262
22245.1,-6.9827
22248,-6.98278
22251,-6.98286
22253.9,-6.98294
22256.8,-6.98302
22259.8,-6.9831
22262.7,-6.98318
22265.6,-6.98326
22268.6,-6.98334
22271.5,-6.98342
22274.4,-6.9835
22277.3,-6.98358
22280.3,-6.98366
22283.2,-6.98374
22286.1,-6.98382
22289.1,-6.9839
22292,-6.98398
22294.9,-6.98406
22297.9,-6.98413
22300.8,-6.98421
22303.7,-6.98429
22306.6,-6.98437
22309.6,-6.98445
22312.5,-6.98453
22315.4,-6.98461
22318.4,-6.98468
22321.3,-6.98476
22324.2,-6.98484
22327.1,-6.98492
22330.1,-6.985
22333,-6.98507
22335.9,-6.98515
22338.9,-6.98523
22341.8,-6.98531
22344.7,-6.98538
22347.7,-6.98546
22350.6,-6.98554
22353.5,-6.98561
22356.4,-6.98569
22359.4,-6.98577
22362.3,-6.98585
22365.2,-6.98592
22368.2,-6.986
22371.1,-6.98608
22374,-6.98615
22377,-6.98623
22379.9,-6.9863
22382.8,-6.98638
22385.7,-6.98646
22388.7,-6.98653
22391.6,-6.98661
22394.5,-6.98668
22397.5,-6.98676
22400.4,-6.98683
22403.3,-6.98691
22406.3,-6.98698
22409.2,-6.98705
22412.1,-6.98713
22415,-6.98721
22418,-6.98728
22420.9,-6.98736
22423.8,-6.98743
22426.8,-6.98751
22429.7,-6.98758
22432.6,-6.98766
22435.5,-6.98773
22438.5,-6.9878
22441.4,-6.98788
22444.3,-6.98795
22447.3,-6.98803
22450.2,-6.9881
22453.1,-6.98817
22456.1,-6.98825
22459,-6.98832
22461.9,-6.98839
22464.8,-6.98847
22467.8,-6.98854
22470.7,-6.98861
22473.6,-6.98869
22476.6,-6.98875
22479.5,-6.98883
22482.4,-6.9889
22485.4,-6.98897
22488.3,-6.98905
22491.2,-6.98912
22494.1,-6.98919
22497.1,-6.98926
22500,-6.98933
22502.9,-6.98941
22505.9,-6.98948
22508.8,-6.98955
22511.7,-6.98962
22514.6,-6.98969
22517.6,-6.98977
22520.5,-6.98983
22523.4,-6.9899
22526.4,-6.98998
22529.3,-6.99005
22532.2,-6.99012
22535.2,-6.99019
22538.1,-6.99026
22541,-6.99033
22543.9,-6.9904
22546.9,-6.99047
22549.8,-6.99054
22552.7,-6.99061
22555.7,-6.99068
22558.6,-6.99075
22561.5,-6.99082
22564.5,-6.99089
22567.4,-6.99096
22570.3,-6.99103
22573.2,-6.9911
22576.2,-6.99117
22579.1,-6.99123
22582,-6.99131
22585,-6.99137
22587.9,-6.99144
22590.8,-6.99151
22593.8,-6.99158
22596.7,-6.99165
22599.6,-6.99172
22602.5,-6.99178
22605.5,-6.99185
22608.4,-6.99192
22611.3,-6.99199
22614.3,-6.99206
22617.2,-6.99212
22620.1,-6.99219
22623,-6.99226
22626,-6.99233
22628.9,-6.9924
22631.8,-6.99246
22634.8,-6.99253
22637.7,-6.9926
22640.6,-6.99266
22643.6,-6.99273
22646.5,-6.9928
22649.4,-6.99286
22652.3,-6.99293
22655.3,-6.993
22658.2,-6.99307
22661.1,-6.99313
22664.1,-6.9932
22667,-6.99326
22669.9,-6.99333
22672.9,-6.99339
22675.8,-6.99346
22678.7,-6.99353
22681.6,-6.99359
22684.6,-6.99366
22687.5,-6.99373
22690.4,-6.99379
22693.4,-6.99385
22696.3,-6.99392
22699.2,-6.99398
22702.1,-6.99405
22705.1,-6.99411
22708,-6.99418
22710.9,-6.99424
22713.9,-6.99431
22716.8,-6.99437
22719.7,-6.99444
22722.7,-6.9945
22725.6,-6.99456
22728.5,-6.99463
22731.4,-6.99469
22734.4,-6.99476
22737.3,-6.99482
22740.2,-6.99488
22743.2,-6.99495
22746.1,-6.99501
22749,-6.99508
22752,-6.99514
22754.9,-6.9952
22757.8,-6.99526
22760.7,-6.99533
22763.7,-6.99539
22766.6,-6.99545
22769.5,-6.99551
22772.5,-6.99558
22775.4,-6.99564
22778.3,-6.9957
22781.3,-6.99576
22784.2,-6.99583
22787.1,-6.99589
22790,-6.99595
22793,-6.99601
22795.9,-6.99607
22798.8,-6.99613
22801.8,-6.9962
22804.7,-6.99626
22807.6,-6.99632
22810.5,-6.99638
22813.5,-6.99644
22816.4,-6.9965
22819.3,-6.99656
22822.3,-6.99663
22825.2,-6.99669
22828.1,-6.99675
22831.1,-6.99681
22834,-6.99687
22836.9,-6.99693
22839.8,-6.99699
22842.8,-6.99705
22845.7,-6.99711
22848.6,-6.99717
22851.6,-6.99723
22854.5,-6.99729
22857.4,-6.99735
22860.4,-6.99741
22863.3,-6.99747
22866.2,-6.99753
22869.1,-6.99759
22872.1,-6.99765
22875,-6.9977
22877.9,-6.99776
22880.9,-6.99782
22883.8,-6.99788
22886.7,-6.99794
22889.6,-6.998
22892.6,-6.99806
22895.5,-6.99812
22898.4,-6.99817
22901.4,-6.99823
22904.3,-6.99829
22907.2,-6.99835
22910.2,-6.9984
22913.1,-6.99846
22916,-6.99852
22918.9,-6.99858
22921.9,-6.99864
22924.8,-6.99869
22927.7,-6.99875
22930.7,-6.99881
22933.6,-6.99886
22936.5,-6.99892
22939.5,-6.99898
22942.4,-6.99904
22945.3,-6.99909
22948.2,-6.99915
22951.2,-6.99921
22954.1,-6.99927
22957,-6.99932
22960,-6.99938
22962.9,-6.99943
22965.8,-6.99949
22968.8,-6.99954
22971.7,-6.9996
22974.6,-6.99966
22977.5,-6.99971
22980.5,-6.99977
22983.4,-6.99982
22986.3,-6.99988
22989.3,-6.99994
22992.2,-6.99999
22995.1,-7.00004
22998,-7.0001
23001,-7.00015
23003.9,-7.00021
23006.8,-7.00026
23009.8,-7.00032
23012.7,-7.00037
23015.6,-7.00043
23018.6,-7.00048
23021.5,-7.00053
23024.4,-7.00059
23027.3,-7.00064
23030.3,-7.0007
23033.2,-7.00075
23036.1,-7.0008
23039.1,-7.00086
23042,-7.00091
23044.9,-7.00097
23047.9,-7.00102
23050.8,-7.00107
23053.7,-7.00112
23056.6,-7.00118
23059.6,-7.00123
23062.5,-7.00128
23065.4,-7.00134
23068.4,-7.00139
23071.3,-7.00144
23074.2,-7.00149
23077.1,-7.00155
23080.1,-7.0016
23083,-7.00165
23085.9,-7.0017
23088.9,-7.00175
23091.8,-7.00181
23094.7,-7.00186
23097.7,-7.00191
23100.6,-7.00196
23103.5,-7.00201
23106.4,-7.00206
23109.4,-7.00212
23112.3,-7.00217
23115.2,-7.00222
23118.2,-7.00227
23121.1,-7.00232
23124,-7.00237
23127,-7.00242
23129.9,-7.00247
23132.8,-7.00252
23135.7,-7.00257
23138.7,-7.00263
23141.6,-7.00268
23144.5,-7.00273
23147.5,-7.00278
23150.4,-7.00282
23153.3,-7.00288
23156.3,-7.00293
23159.2,-7.00297
23162.1,-7.00303
23165,-7.00308
23168,-7.00313
23170.9,-7.00317
23173.8,-7.00322
23176.8,-7.00327
23179.7,-7.00332
23182.6,-7.00337
23185.5,-7.00342
23188.5,-7.00347
23191.4,-7.00352
23194.3,-7.00356
23197.3,-7.00361
23200.2,-7.00366
23203.1,-7.00371
23206.1,-7.00376
23209,-7.0038
23211.9,-7.00385
23214.8,-7.0039
23217.8,-7.00395
23220.7,-7.004
23223.6,-7.00404
23226.6,-7.00409
23229.5,-7.00414
23232.4,-7.00419
23235.4,-7.00424
23238.3,-7.00428
23241.2,-7.00433
23244.1,-7.00438
23247.1,-7.00442
23250,-7.00447
23252.9,-7.00452
23255.9,-7.00457
23258.8,-7.00461
23261.7,-7.00465
23264.6,-7.0047
23267.6,-7.00475
23270.5,-7.0048
23273.4,-7.00484
23276.4,-7.00489
23279.3,-7.00493
23282.2,-7.00498
23285.2,-7.00502
23288.1,-7.00507
23291,-7.00511
23293.9,-7.00516
23296.9,-7.00521
23299.8,-7.00525
23302.7,-7.0053
23305.7,-7.00534
23308.6,-7.00539
23311.5,-7.00543
23314.5,-7.00548
23317.4,-7.00552
23320.3,-7.00556
23323.2,-7.00561
23326.2,-7.00566
23329.1,-7.0057
23332,-7.00574
23335,-7.00578
23337.9,-7.00583
23340.8,-7.00587
23343.8,-7.00592
23346.7,-7.00596
23349.6,-7.006
23352.5,-7.00605
23355.5,-7.00609
23358.4,-7.00614
23361.3,-7.00618
23364.3,-7.00622
23367.2,-7.00626
23370.1,-7.00631
23373,-7.00635
23376,-7.00639
23378.9,-7.00643
23381.8,-7.00648
23384.8,-7.00652
23387.7,-7.00656
23390.6,-7.00661
23393.6,-7.00665
23396.5,-7.00669
23399.4,-7.00673
23402.3,-7.00677
23405.3,-7.00681
23408.2,-7.00686
23411.1,-7.0069
23414.1,-7.00694
23417,-7.00698
23419.9,-7.00702
23422.9,-7.00706
23425.8,-7.00711
23428.7,-7.00715
23431.6,-7.00719
23434.6,-7.00723
23437.5,-7.00727
23440.4,-7.00731
23443.4,-7.00735
23446.3,-7.00739
23449.2,-7.00743
23452.1,-7.00747
23455.1,-7.00751
23458,-7.00755
23460.9,-7.00759
23463.9,-7.00763
23466.8,-7.00767
23469.7,-7.00771
23472.7,-7.00775
23475.6,-7.00779
23478.5,-7.00783
23481.4,-7.00787
23484.4,-7.00791
23487.3,-7.00795
23490.2,-7.00799
23493.2,-7.00803
23496.1,-7.00807
23499,-7.00811
23502,-7.00815
23504.9,-7.00818
23507.8,-7.00822
23510.7,-7.00826
23513.7,-7.0083
23516.6,-7.00834
23519.5,-7.00837
23522.5,-7.00841
23525.4,-7.00845
23528.3,-7.00849
23531.3,-7.00853
23534.2,-7.00856
23537.1,-7.0086
23540,-7.00864
23543,-7.00868
23545.9,-7.00872
23548.8,-7.00875
23551.8,-7.00879
23554.7,-7.00883
23557.6,-7.00886
23560.5,-7.0089
23563.5,-7.00894
23566.4,-7.00897
23569.3,-7.00901
23572.3,-7.00905
23575.2,-7.00908
23578.1,-7.00912
23581.1,-7.00916
23584,-7.00919
23586.9,-7.00923
23589.8,-7.00927
23592.8,-7.0093
23595.7,-7.00934
23598.6,-7.00937
23601.6,-7.00941
23604.5,-7.00944
23607.4,-7.00948
23610.4,-7.00951
23613.3,-7.00955
23616.2,-7.00959
23619.1,-7.00962
23622.1,-7.00965
23625,-7.00969
23627.9,-7.00973
23630.9,-7.00976
23633.8,-7.00979
23636.7,-7.00983
23639.6,-7.00987
23642.6,-7.0099
23645.5,-7.00993
23648.4,-7.00996
23651.4,-7.01
23654.3,-7.01003
23657.2,-7.01007
23660.2,-7.0101
23663.1,-7.01014
23666,-7.01017
23668.9,-7.0102
23671.9,-7.01024
23674.8,-7.01027
23677.7,-7.0103
23680.7,-7.01034
23683.6,-7.01037
23686.5,-7.0104
23689.5,-7.01044
23692.4,-7.01047
23695.3,-7.0105
23698.2,-7.01053
23701.2,-7.01057
23704.1,-7.0106
23707,-7.01063
23710,-7.01066
23712.9,-7.0107
23715.8,-7.01073
23718.8,-7.01076
23721.7,-7.01079
23724.6,-7.01083
23727.5,-7.01086
23730.5,-7.01089
23733.4,-7.01092
23736.3,-7.01095
23739.3,-7.01098
23742.2,-7.01101
23745.1,-7.01105
23748,-7.01108
23751,-7.01111
23753.9,-7.01114
23756.8,-7.01117
23759.8,-7.0112
23762.7,-7.01123
23765.6,-7.01126
23768.6,-7.01129
23771.5,-7.01132
23774.4,-7.01135
23777.3,-7.01138
23780.3,-7.01141
23783.2,-7.01144
23786.1,-7.01147
23789.1,-7.0115
23792,-7.01153
23794.9,-7.01156
23797.9,-7.01159
23800.8,-7.01162
23803.7,-7.01165
23806.6,-7.01168
23809.6,-7.01171
23812.5,-7.01174
23815.4,-7.01177
23818.4,-7.0118
23821.3,-7.01182
23824.2,-7.01186
23827.1,-7.01188
23830.1,-7.01191
23833,-7.01194
23835.9,-7.01197
23838.9,-7.012
23841.8,-7.01203
23844.7,-7.01205
23847.7,-7.01208
23850.6,-7.01211
23853.5,-7.01214
23856.4,-7.01217
23859.4,-7.0122
23862.3,-7.01222
23865.2,-7.01225
23868.2,-7.01228
23871.1,-7.01231
23874,-7.01233
23877,-7.01236
23879.9,-7.01239
23882.8,-7.01242
23885.7,-7.01244
23888.7,-7.01247
23891.6,-7.01249
23894.5,-7.01252
23897.5,-7.01255
23900.4,-7.01258
23903.3,-7.0126
23906.3,-7.01262
23909.2,-7.01265
23912.1,-7.01268
23915,-7.01271
23918,-7.01273
23920.9,-7.01276
23923.8,-7.01278
23926.8,-7.01281
23929.7,-7.01283
23932.6,-7.01286
23935.5,-7.01289
23938.5,-7.01291
23941.4,-7.01294
23944.3,-7.01296
23947.3,-7.01299
23950.2,-7.01301
23953.1,-7.01303
23956.1,-7.01306
23959,-7.01309
23961.9,-7.01311
23964.8,-7.01314
23967.8,-7.01316
23970.7,-7.01319
23973.6,-7.01321
23976.6,-7.01323
23979.5,-7.01326
23982.4,-7.01328
23985.4,-7.0133
23988.3,-7.01333
23991.2,-7.01335
23994.1,-7.01338
23997.1,-7.0134
